keyword,question,answer,url,source
고혈압,고혈압 예방에 도움이 되는 식사지침이 있습니까?,"체중이 많이 나갈 경우는 정상체중을 유지하도록 한다. 규칙적인 운동을 한다. 저지방, 저염분식사를 하며 야채와 과일을 많이 먹는다. 금연을 한다. 술을 줄인다.",https://health.kdca.go.kr/healthinfo/biz/health/gnrlzHealthInfo/gnrlzHealthInfo/gnrlzHealthInfoView.do,국가건강정보포털
고혈압,염분(나트륨) 섭취를 줄이려면 어떻게 해야 하나요?,"조리시 소금, 간장, 된장, 고추장 등은 허용된 양만첨가한다. 염분 함량이 많은 식품은 피한다. 한 번에 많은 염분을 먹게 되는 국, 찌개, 라면 등의 섭취를 삼간다. 김치는 싱겁게 담가서 조금씩만 섭취한다.가공된 것이 아닌 신선한 채소 및 과일, 육류를 섭취한다.",https://health.kdca.go.kr/healthinfo/biz/health/gnrlzHealthInfo/gnrlzHealthInfo/gnrlzHealthInfoView.do,국가건강정보포털
고혈압,칼륨이 많은 식품을 섭취하면 고혈압 관리에 도움이 될까요?,"칼륨을 충분히 섭취하면 고혈압을 예방하고, 고혈압 환자의 경우에는 혈압을 낮출 수 있다고 합니다.즉, 칼륨은 나트륨을 몸 바깥으로 배설시킴으로써 과잉의 염분 섭취로 인한 혈압상승을 억제할 수 있습니다. 그렇기 때문에 소금을 많이 섭취하는 경우에는 하루 3.5g 이상의 칼륨 섭취가 권장됩니다.가공식품은 나트륨이 높고 칼륨의 함유량이 낮은 편이므로, 고혈압 환자는 제한하는 것이 좋습니다.",https://health.kdca.go.kr/healthinfo/biz/health/gnrlzHealthInfo/gnrlzHealthInfo/gnrlzHealthInfoView.do,국가건강정보포털
고혈압,고혈압 환자는 커피를 제한하는 것이 좋을까요?,하루 1~2잔의 일상적인 커피 섭취량은 혈압에 별다른 영향을 주지 않습니다.,https://health.kdca.go.kr/healthinfo/biz/health/gnrlzHealthInfo/gnrlzHealthInfo/gnrlzHealthInfoView.do,국가건강정보포털
고혈압,"비만하면 혈압이 높아진다고 하는데, 그러면 반대로 살을 빼면 혈압이 낮아 지나요?","고혈압은 체중과 밀접한 관계가 있고, 체중을 줄이면 혈압이 낮아집니다. 특히 복부비만은 고혈압, 이상지질혈증, 당뇨병 및 관상동맥질환에 의한 사망률과 매우 밀접한 관련이 있습니다.고혈압 환자가 표준 체중을 10% 이상 초과하는 경우 5kg 정도의 체중을 감량하여도 뚜렷한 혈압 감소 효과를 얻을 수 있습니다. 특히 당뇨병, 이상지질혈증, 좌심실비대가 동반된 환자에게 체중감량이 도움이 됩니다. 운동, 절주, 소금 섭취 제한 등을 병행하면 체중감량에 의한 혈압 감소 효과는 더욱 증강됩니다. 체중은 먼저 최소 4-5kg 정도 감량을 시도해보고 필요에 따라 5kg을 추가로 감량합니다. 권장 체질량지수(몸무게/키2)에 대해서는 의견이 다양하지만 우리나라 사람에게서는 25kg/m2 전후의 체중이 저체중 및 과체중에 비해 사망률이 가장 낮으므로 이를 목표로 체중을 조절합니다. 체질량지수(BMI) 25kg/m2 미만 및 허리둘레 남성 90cm 미만, 여성 85cm 미만 식 사 조절과 신체활동 늘리기 두 가지는 동시에 해야 체중 조절 효과가 있고 장기간 체중 유지가 가능합니다.",https://health.kdca.go.kr/healthinfo/biz/health/gnrlzHealthInfo/gnrlzHealthInfo/gnrlzHealthInfoView.do,국가건강정보포털
고혈압,혈압이 높으면 정말 위험한 가요? 왜 치료해야 하나요?,"혈압이 높으면 위험합니다. 일반적으로 120/75mmHg 이상부터는 수축기 혈압이 20mmHg 혹은 이완기 혈압이 10mmHg 상승할 때마다 심혈관계 사망률이 2배씩 상승합니다.즉, 고혈압은 심한 정도에 비례해 위험도가 상승하므로 조기진단과 조절이 중요합니다. 물론 혈압이 높다고 바로 심장이나 혈관 합병증이 발생하는 경우는 드뭅니다.대개 고혈압 초기에는 증상도 없고, 불편하지도 않습니다.일정 기간 조절하지 않고 방치해도 문제가 생기는 경우는  흔치 않기 때문에 위험도가 과소평가되기 쉽습니다. 그러나 고혈압은 모든 심혈관계 질환의 주요 위험인자입니다.뇌졸중과 심근경색증 등 고혈압과 연관된 질환은 한국인의 가장 주요한 사망원인입니다. 따라서 고혈압의 진단과 조절에 더욱 주의를 기울여야 합니다.",https://health.kdca.go.kr/healthinfo/biz/health/gnrlzHealthInfo/gnrlzHealthInfo/gnrlzHealthInfoView.do,국가건강정보포털
고혈압,고혈압 심장질환에는 어떤 것이 있습니까? 혈압을 조절하면 치료할 수 있나요?,"고혈압의 합병증은 심장, 신장, 뇌혈관, 눈 등 전신적으로 나타날 수 있으며, 합병증의 위험도는 혈압이 얼마나 높게, 얼마나 오래 지속되는지에 따라 증가합니다. 다행히 혈압을 조절하면 합병증을 예방할 수 있고, 혈관 변성이나 심장비대 같은 합병증은 정상적인 상태로 호전될 수도 있습니다. 따라서 고혈압 조절이 매우 중요합니다.",https://health.kdca.go.kr/healthinfo/biz/health/gnrlzHealthInfo/gnrlzHealthInfo/gnrlzHealthInfoView.do,국가건강정보포털
고혈압,고혈압약은 평생 먹어야 한다던데요? 혈압약을 평생 먹으면 부작용은 없나요?,"고혈압은 특별한 이유 없이 발생하는 원발성 고혈압과 혈압을 올리는 질환으로 인해 생기는 이차성 고혈압이 있습니다. 원발성 고혈압은 아직 완치 방법이 없으나 꾸준히 혈압약을 복용해 정상 혈압을 유지한다면 고혈압이 없는 사람과 비슷하게 건강한 생활이 가능합니다. 이렇듯 고혈압은 완치하는 병이 아니라 조절하는 병이므로 대부분 평생 혈압약을 복용합니다. 혈압약은 여러 종류가 있으며 저마다 부작용이 있으나 의사와 잘 상의해서 사용하면 대개 평생 복용해도 큰 문제가 없습 니다.이 차성 고혈압은 원인 질환을 치료하면 혈압이 정상으로 돌아올 수 있으며, 혈압약도 끊을 수 있습니다.",https://health.kdca.go.kr/healthinfo/biz/health/gnrlzHealthInfo/gnrlzHealthInfo/gnrlzHealthInfoView.do,국가건강정보포털
고혈압,고혈압이 조절되면 고혈압 망막병증은 되돌아오나요?,고혈압 망막병증 제3군까지는 혈압이 잘 조절되면 망막 이상이 좋아져 시력이 저하되는 상태까지 이르지는 않습니다.,https://health.kdca.go.kr/healthinfo/biz/health/gnrlzHealthInfo/gnrlzHealthInfo/gnrlzHealthInfoView.do,국가건강정보포털
고혈압,시력이 좋으면 고혈압 망막병증은 걱정 안 해도 되나요?,고혈압이 있어도 안저에 변화가 생기고 시력이 저하되려면 오랜 시간이 걸립니다. 그전에 혈압을 조절해 고혈압 망막병증 등의 합병증을 막고 건강을 유지할 수 있습니다. 혈압 조절이 잘 되어도 고혈압성 망막 변화가 있을 수 있으므로 정기검사를 받는 것이 바람직합니다.,https://health.kdca.go.kr/healthinfo/biz/health/gnrlzHealthInfo/gnrlzHealthInfo/gnrlzHealthInfoView.do,국가건강정보포털
고혈압,고혈압으로 진단받으면 반드시 정기적인 안과 검사를 받아야 하나요?,"대부분의 고혈압 망막병증 환자는 무증상으로 조기에 발견되지 않습니다. 하지만 망막 변화가 진행되면 시력이 떨어질 수도 있으므로, 적극적인 고혈압 치료가 필요하며 1년에 1-2회 정밀안저검사를 시행해야 합니다. 특히 급격히 시력이 저하되거나 심한 두통이 있을 때는 즉시 병원을 찾아야 합니다.고혈압 망막병증은 고혈압 약물요법으로 조절할 수 있습니다. 당뇨병이 동반된 경우에는 정기검사가 필수적입니다.",https://health.kdca.go.kr/healthinfo/biz/health/gnrlzHealthInfo/gnrlzHealthInfo/gnrlzHealthInfoView.do,국가건강정보포털
고혈압,고혈압 때문에 생기는 안과적 질환은 무엇이 있나요?,"고혈압은 눈에 영향을 미칩니다.가장 흔한 망막 혈관질환인 당뇨망막증은 잘 조절되지 않는 고혈압이 있으면 더욱 빨리 진행합니다.분지정맥 폐쇄, 중심 정맥 폐쇄 등 정맥 폐쇄질환과 중심 동맥 폐쇄, 분지동맥 폐쇄 등 심각한 시력저하를 일으키는 질환도 생길 수 있습니다.고혈압은 최근 증가하는 노인성 황반변성에도 위험인자가 될 수 있습니다.전신적으로 건강해야 눈도 건강할 수 있습니다.",https://health.kdca.go.kr/healthinfo/biz/health/gnrlzHealthInfo/gnrlzHealthInfo/gnrlzHealthInfoView.do,국가건강정보포털
고혈압,고혈압 망막병증이 심해지면 시력을 완전히 잃을 수도 있나요?,고혈압과 당뇨병은 대표적인 실명의원인입니다.3단계 이후에도 적절한 혈압 조절과 안과적 치료를 받지 못하면 실명할 수 있습니다.,https://health.kdca.go.kr/healthinfo/biz/health/gnrlzHealthInfo/gnrlzHealthInfo/gnrlzHealthInfoView.do,국가건강정보포털
고혈압,시력저하나 두통 외에 고혈압 망막병증을 의심해야 할 증상이 있나요?,"고혈압은 눈에만 영향을 주는 것이 아닙니다.전신 증상으로 호흡곤란, 흉통 등 심장 증상이 나타날 수 있고 죽상경화성 뇌혈관질환, 만성콩팥병과 관련된 증상도 동반될 수 있습니다.",https://health.kdca.go.kr/healthinfo/biz/health/gnrlzHealthInfo/gnrlzHealthInfo/gnrlzHealthInfoView.do,국가건강정보포털
고혈압,고혈압 망막병증이 한쪽 눈에만 생길 수도 있나요?,"고혈압은 눈뿐만 아니라, 전신의 혈관에 영향을 미칠 수 있습니다. 따라서, 고혈압 망막병증은 대개 양쪽 눈에 동시에 비슷한 양상으로 나타납니다. 한쪽 눈에만 문제가 생긴 경우에는 다른 질환을 의심해야 합니다.",https://health.kdca.go.kr/healthinfo/biz/health/gnrlzHealthInfo/gnrlzHealthInfo/gnrlzHealthInfoView.do,국가건강정보포털
고혈압,식사는 마음껏 하고 운동을 열심히 하면 안 되나요?,"식사로 섭취한 칼로리를 운동으로 모두 소모하기는 어려우므로, 적절하게 식사를 조절하는 것이 중요합니다. 예를 들어 치즈케이크 한쪽을 먹으면 250칼로리를 섭취하게 되는데, 이를 운동으로 소모하려면 25분을 달려야 합니다. 또한 운동을 통해 체중을 줄일 수도 있으나, 식사로 많은 염분을 섭취하면 혈압이 높아지며 운동을 하면 순간적으로 더 높아질 수 있습니다. 그러므로 칼로리와 소금을 적절하게 섭취해야 운동의 효과를 높일 수 있습니다.",https://health.kdca.go.kr/healthinfo/biz/health/gnrlzHealthInfo/gnrlzHealthInfo/gnrlzHealthInfoView.do,국가건강정보포털
고혈압,운동을 마친 후에 혈압이 더 올라갑니다. 왜 그렇습니까?,"운동을 하면 초기에 아드레날린의 분비가 많아져서 정상적으로 수축기 혈압이 높아집니다. 따라서 운동 직후에는 혈압이 더 올라갈 수 있습니다. 또한, 일어선 상태에서 운동을 하면 수축기 혈압은 점차 높아지고 이완기 혈압은 약간 낮아집니다. 혈압은 정상적으로 운동 후 20~50분이 지나면 점차 낮아지므로 운동 직후에 혈압을 측정하지 말고 충분하게 휴식을 취한 뒤에 측정해야 합니다.",https://health.kdca.go.kr/healthinfo/biz/health/gnrlzHealthInfo/gnrlzHealthInfo/gnrlzHealthInfoView.do,국가건강정보포털
고혈압,운동은 언제하는 것이 좋나요? 새벽 운동이 좋은가요?잠자기 몇 시간 전에 운동을 마치는 것이 좋습니까?,"운동의 강도에 따라 기준이 다릅니다만, 무리한 운동 후에 몸의 긴장이 완전히 풀리지 않으면 수면을 방해할 수 있으므로 잠들기 최소 1~3시간 전에 운동을 끝내는 것이 좋습니다. 몸이 완전하게 잠에서 깨어나지 않은 새벽에 운동을 하면 조금만 움직여도 무리가 되기 쉽습니다. 특히 추운 겨울철 새벽에 찬 공기에 갑자기 노출되면 혈관이 수축해 혈압이 갑자기 높아지고, 관상동맥이나 뇌졸중이 생길 수 있습니다. 따라서, 아침에 일어나서 잠에서 충분히 깬 후에 아침식사를 하고나 서 운동하거나, 인체 대사가 가장 활발한 오후나 초저녁에 식사 30분 이후에 운동하는 것이 가장 좋습니다.",https://health.kdca.go.kr/healthinfo/biz/health/gnrlzHealthInfo/gnrlzHealthInfo/gnrlzHealthInfoView.do,국가건강정보포털
고혈압,운동 전에 준비운동을 꼭 해야 하나요?,"준비운동은 근육의 긴장을 낮추고, 저항운동을 할 때 다치는 것을 막아주므로 꼭 필요합니다.가벼운 체조나 스트레칭을 5분 정도 하면 좋습니다. 특히 저항운동을 하기 전에 10분 정도 자전거를 타거나 가볍게 뛰어서 근육의 온도를 높여두면 부상을 막는 데 도움이 됩니다.",https://health.kdca.go.kr/healthinfo/biz/health/gnrlzHealthInfo/gnrlzHealthInfo/gnrlzHealthInfoView.do,국가건강정보포털
고혈압,나이가 들었더니 조금만 걸어도 피곤합니다.꼭 운동을 30분 이상 지속해야 합니까?,운동 중에 피로감을 빨리 느낀다면 운동시간을 나누어서 하는 것이 좋습니다. 예를 들면 30분 운동을 세 번에 나누어 걷기(10분) ?휴식?걷기(10분) ?휴식?걷기(10분) ?휴식 순서로 운동을 하는 것입니다. 운동 전후로 준비운동 과 정리운동을 시행해 근육의 피로감을 줄이고 혈액순환을 돕는 것이 좋습니다. 운동 후에 마사지와 가벼운 반신욕 등으로 피로감을 낮추는 것도 효과적인 방법입니다.,https://health.kdca.go.kr/healthinfo/biz/health/gnrlzHealthInfo/gnrlzHealthInfo/gnrlzHealthInfoView.do,국가건강정보포털
고혈압,연령이 높은 사람은 근육운동보다 많이 걷는 것이 좋다고 하던데 정말 그렇습니까?,"연령이 높은 고혈압 환자에게는 일반적으로 부상 위험이 낮은 걷기운동을 가장 먼저 권합니다. 하지만 저항운동을 하지 않으면 근육이 감소해 운동능력이 떨어집니다. 꾸준하게 저항운동을 하면 근력 유지는 물론 혈압 조절에도 도움이 됩니다.특히, 들쭉날쭉하는 혈압의 변동성이 커지지 않게 하는데 도움이 됩니다. 따라서 걷기를 가장 먼저 권장하지만 저항운동, 근지구력 운동 및 유연성 운동을 골고루 하는 것이 좋습니다.",https://health.kdca.go.kr/healthinfo/biz/health/gnrlzHealthInfo/gnrlzHealthInfo/gnrlzHealthInfoView.do,국가건강정보포털
고혈압,고혈압 환자 가 운동할 때 어떤 증상이 나오면 멈춰야 하나요?,"운동을 할 때 가슴의 통증이 있거나 숨이 찰 때, 현기증, 관절이나 근육 통증이 있으면 운동을 중지하고 안정을 취해야 합니다. 특히 가슴 통증은 가까운 병원에 들러 반드시 검사를 받아보아야 합니다.다만, 본 운동을 한 후 갑자기 멈추면 어지러울 수 있으므로 약 5분 정도 정리운동을 하는 것이 좋습니다.",https://health.kdca.go.kr/healthinfo/biz/health/gnrlzHealthInfo/gnrlzHealthInfo/gnrlzHealthInfoView.do,국가건강정보포털
고혈압,온종일 노동을 해서 신체활동량이 많은 편입니다. 별도로 운동을 해야 하나요?,"비슷하게 보이지만 운동과 노동은 다릅니다. 노동은 칼로리 소모량은 많지만 동일한 근육과 관절을 과도하게 사용하므로 직업병이 생길 수 있고, 운동 효과가 나타나기 어렵습니다. 육체노동이 많다면 온몸의 근육을 풀어주는 운동을 권장합니다.가벼운 운동을 조금씩 해서 피로감과 스트레스를 해소하는 것이 좋습니다.",https://health.kdca.go.kr/healthinfo/biz/health/gnrlzHealthInfo/gnrlzHealthInfo/gnrlzHealthInfoView.do,국가건강정보포털
고혈압,"혈압 조절을 위해서 운동을 하는데, 물을 많이 마시는 것이 좋습니까?","운동을 할 때는 한꺼번에 물을 많이 마시는 것보다 자주 마시는 것이 좋습니다. 운동 전에 약 500mL의 물을 마시는 것이 권장되며, 운동 중이나 후에도 물을 충분히 마셔야 합니다. 특히 높은 온도에서 운동할 때에는 탈수의 우려가 있으니 물을 충분히 마시는 것이 중요합니다.시판되는 스포츠 음료는 전해질과 소량의 당분이 포함되어 있어 운동할 때 좋다고 선전합니다. 그러나 체내 흡수에는 물과 스포츠 음료가 별 차이가 없으므로 한 시간이내로 가벼운 운동을 한다면 어느 쪽을섭 취해도 문제가 없습니다. 오랫동안 운동을 한다면 수분과 함께 전해질과 당분을 공급하는 스포츠 음료가 더 나을 수 있습니다.다만 당분이 8% 이상 포함된 음료는 체내 흡수가 느리므로 피하는 것이 좋습니다.",https://health.kdca.go.kr/healthinfo/biz/health/gnrlzHealthInfo/gnrlzHealthInfo/gnrlzHealthInfoView.do,국가건강정보포털
고혈압,고혈압 환자는 근력운동을 하지 말라고 하던데 정말인가요?,"몸에 무리가 가지 않는 범위에서 저항운동을 병행하면 근육의 힘을 유지하고 혈압을 조절하는 데 도움이 됩니다. 하지만, 혈압이 잘 조절되지 않고 준비되지 않은 상태에서 무거운 아령이나 역기를 들거나 팔굽혀펴기 등의 근력운동을 무리하게 해서는 안 됩니다. 무거운 것을 힘들게 들어올리면 혈압이 급하게 높아질 수 있기 때문입니다. 특히 협심증이나 심근경색증, 망막증 같은 합병증이 있는 고혈압 환자는 저항운동 시 조심해야 합니다.무리한 저항운동을 하면 갑자기 심장에 무 리가 가서 쓰러질 위험이 있고, 망막증이 있는 환자는 망막의 혈관이 압력을 견디지 못하고 터질 수도 있습니다. 자신의 상태에 무리되지 않은 무게를 가지고 서서히 무게와 운동 횟수를 증가시켜 가는 것이 중요합니다.",https://health.kdca.go.kr/healthinfo/biz/health/gnrlzHealthInfo/gnrlzHealthInfo/gnrlzHealthInfoView.do,국가건강정보포털
고혈압,고혈압약은 먹다가 중단할 수 있나요?,"가정혈압과 활동 혈압을 측정해 백의 고혈압을 배제하고 확실히 고혈압을 진단받은 환자라면 임의로 약물을 끊어서는 안 됩니다.특히 중년을 넘었고, 단기간 혈압을 올릴 만한 원인(비만, 한약제, 진통제, 통증, 스트레스 등)이 없으며, 표적 장기 손상이 있다면 더욱 그렇습니다. 그러나 생활습관을 철저히 개선하면 한 가지 약제는 끊을 수 있습니다.",https://health.kdca.go.kr/healthinfo/biz/health/gnrlzHealthInfo/gnrlzHealthInfo/gnrlzHealthInfoView.do,국가건강정보포털
고혈압,혈압약을 먹고 어지러운데 왜 그런가요?,여름철 탈수 상태에서는 일시적으로 혈압이 떨어질 수 있어 충분한 수분 섭취가 중요합니다. 특히 고혈압약제 중 베타차단제를 복용하는 경우 갑자기 일어설 때 어지러울 수 있으니 천천히 자세를 바꾸시기 바랍니다.,https://health.kdca.go.kr/healthinfo/biz/health/gnrlzHealthInfo/gnrlzHealthInfo/gnrlzHealthInfoView.do,국가건강정보포털
고혈압,혈압약을 먹고 있는데도 평소 정상이던 혈압이 갑자기 높아지면 어떻게 하나요?,"정확한 방법으로 혈압을 측정해도 평소보다 높으면서 구역, 구토, 두통, 시야 흐려짐 등이 발생했다면 빨리 병원을 찾아야 합니다. 그런 증상이 없다면 30분~1시간 정도 심리적, 신체적으로 안정을 취한 뒤 다시 측정해 봅니다. 특히 불면, 스트레스, 과도한 활동, 폭음 등의 원인에 의해 일시적으로 혈압이 높아질 수 있습니다.",https://health.kdca.go.kr/healthinfo/biz/health/gnrlzHealthInfo/gnrlzHealthInfo/gnrlzHealthInfoView.do,국가건강정보포털
고혈압,콩팥 기능이 감소한 만성콩팥병과 고혈압이 같이 있습니다. 목표혈압을 얼마로 조절해야 할까요?,"현재 만성콩팥병 진료지침에 따르면, 고혈압성 콩팥병 환자의 경우 130/80mmHg 미만을 목표로 제시합니다.-당뇨병이나 알부민뇨가 있다면 안 지오텐신 전환효소 억제제 혹은 안지오텐신ll 수용체 차단제 계열 항고혈압제를 우선 사용합니다.-최근 새로운 임상연구에서 수축기 혈압을 120mmHg 이하로 더 낮게 혈압을 조절할 경우, 심혈관계 질환 발생이나 사망률과 같은 주요 결과가 좋아진다는 결과가 보고되고 있어 향후 목표혈압은 더 낮게 변경될 여지가 있습니다.-또한 자가 혈압을 측정하면 더 낮은 목표 혈압으로 조절하는 데 도움이 된다는 연구결과가 있습니다.집에서 적절한 혈압 측정을 통해 본인의 혈압을 확인하고 관리하는 것이 권고됩니다.",https://health.kdca.go.kr/healthinfo/biz/health/gnrlzHealthInfo/gnrlzHealthInfo/gnrlzHealthInfoView.do,국가건강정보포털
고혈압,사구체 여과율은 무엇이고 어떻게 알 수 있나요?,"사구체 여과율이란 사구체가 노폐물을 제거하는 기능이 어느 정도인지를 평가하는 지표이며, 이를 통해 콩팥의 가장 중요한 기능인 노폐물 제거가 적절한지 알아볼 수 있습니다. 콩팥 기능이 저하되는 만성콩팥병을 진단하려면 사구체 여과율을 확인해 여과 기능의 저하 여부를 평가하는 것이 가장 중요합니다.-사구체 여과율을 계산하는 방법은 여러 가지가 있는데, 나이, 성별, 인종, 혈청 크레아티닌 수치를 대입하여 계산하는 추정사구체여과율이 많이 사용되고 있습니다. 대한신장학회에서 사구체 여과율 계산기를 지원하고 있으며 혈청 크레아티닌 수치와 관련 정보를 통해 사구체 여과율을 직접 구해볼 수 있습니다.-혈청 크레아티닌 수치와 추정사 구체여과율은 2년마다 진행하는 국가건강검진의 기본검사 항목으로 정해져 있어 정기적으로 건강검진을 받는 경우 본인의 콩팥 기능을 확인할 수 있습니다.",https://health.kdca.go.kr/healthinfo/biz/health/gnrlzHealthInfo/gnrlzHealthInfo/gnrlzHealthInfoView.do,국가건강정보포털
고혈압,소변에 거품이 많습니다. 알부민뇨가 있는 걸까요?,"소변에 알부민 등의 단백질이 많이 있을 때 거품이 보일 수 있지만, 소변에 거품이 보인다고 모두 알부민뇨는 아닙니다. 정확한 원인을 찾기 위해 병원을 방문하시기 바랍니다.",https://health.kdca.go.kr/healthinfo/biz/health/gnrlzHealthInfo/gnrlzHealthInfo/gnrlzHealthInfoView.do,국가건강정보포털
고혈압,고혈압의 원인은 무엇인가요?,"고혈압이란, 적절한 방법으로 측정한 평균 수축기 혈압이 140mmHg 이상이거나 이완기 혈압이 90mmHg 이상인 경우를 말합니다.고혈압은 복잡하고 다양한 원인에 의해 발생하는데 주요 원인은 유전적 요인, 흡연, 과도한 음주, 부적절한 식습관, 운동부족, 과도한 스트레스 등입니다.",https://health.kdca.go.kr/healthinfo/biz/health/ntcnInfo/healthSourc/thtimtCntnts/thtimtCntntsView.do,국가건강정보포털
고혈압,20대의 젊은 나이에도 고혈압이 있을 수 있나요?,"국민건강영양조사 분석에 따르면, 우리나라 20세 이상 성인 중 28%, 즉 약 1,230만명이 고혈압이 있는 것으로 나타났습니다.고혈압 환자가 늘면서 몇 년 새 20~30대 젊은 환자도 크게 증가했습니다.2017년에 약 81만명이었던 20~30대 고혈압 환자는 2022년에 약 99만명으로 5년 새 22%가 증가했습니다. 이러한 증가는 과로, 스트레스, 서구식 식생활과 운동량 부족으로 인한 비만 유병률 증가 등 다양한 원인에 기인합니다. 젊은 사람 들은 자신이 고혈압이 있는지 잘 모르거나, 대수롭지 않게 여겨 치료를 소홀히 하는 경우가 많습니다. 하지만, 젊은 나이에 진단을 받으면 고혈압에 노출되는 기간이 훨씬 길어지기 때문에 합병증이 발생할 위험이 더 커집니다. 따라서 20~30대에 진단받은 고혈압은 더욱 철저하게 관리하여 합병증을 예방하는 것이 중요합니다.",https://health.kdca.go.kr/healthinfo/biz/health/ntcnInfo/healthSourc/thtimtCntnts/thtimtCntntsView.do,국가건강정보포털
고혈압,고혈압을 예방하고 관리하려면 어떻게 해야 하나요?,"1) 식단 조절 소금 섭취를 하루 5g 이하(1작은 술)로 줄이기 위해 평소의 절반 정도로 싱겁게 먹습니다. 특히 밥을 국에 말아 먹거나 찌개에 비벼 먹지 않는 것이 좋습니다. 다양한 야채와 과일, 통곡물, 생선류, 견과류, 저지방 유제품을 골고루 섭취하며, 포화지방과 트랜스지방, 콜레스테롤 섭취를 제한합니다. 2) 체중관리 과 체중이나 비만일 경우 고혈압 발생 위험이 높아지지만, 체중을 줄이면 혈압을 낮출 수 있습니다. 3) 규칙적인 운동 빠른 걷 기, 수영, 사이클링 등의 유산소 운동을 한 번에 30~50분 동안, 주 5회 이상 규칙적으로 하는 것이 좋습니다. 4) 금연과 절주 금연하고 음주량을 줄이면 혈압을 낮추고 심혈관질환의 위험을 줄일 수 있습니다. 5) 스트레스 감소 스트레스를 받으면 근육 긴장도가 증가하고 심장 박동수가 증가하면서 혈압이 조절되지 않습니다. 명상, 깊은 호흡, 요가 또는 취미활동 등을 통해 스트레스를 관리하면 혈압을 낮출 수 있습니다. 6) 혈압 모니터링 과 정기검 진 규칙적으로 혈압을 측정하고 정기적인 검진을 받아 혈압상태를 지속해서 모니터링하며 필요한 조치를 취하는 것이 중요합니다. 7) 약물치료 생활습관 개선만으로 혈압조절이 어려울 때는 의사의 처방에 따라 약물치료를 시작할 수 있습니다.",https://health.kdca.go.kr/healthinfo/biz/health/ntcnInfo/healthSourc/thtimtCntnts/thtimtCntntsView.do,국가건강정보포털
고혈압,집에서 혈압을 잴 때 주의할 점이 있나요?,"집에서 혈압을 잴 때는 검증된 위팔자동 혈압계를 사용하여 안정한 상태에서 올바른 방법으로 측정하는 것이 중요합니다. 등받이가 있는 의자에 등을 기대고 발을 바닥에 붙이고 최소 1~2분간 안정을 취한 후에 혈압을 재는 것이 표준적인 방법입니다. 혈압 측정 전 최소 30분 이상 흡연, 음주, 카페인 섭취를 피해야 합니다. 아침에는 기상 후 1시간 이내, 소변을 본 후, 아침식사와 고혈압 약 복용 전에 측정하고, 저녁에는 잠자리에 들기 전에 측정합니다.측정할 때는 두 번 이상 측정해 평균값을 사용합니다. 정기적인 병원 방문 전에 5~7일간의 혈압 측정 결과를 담당 의사와 공유하면 치료상담에 유용합니다. 가정혈압계로 혈압을 재면 134, 78, 67처럼 세 가지 숫자가 나타납니다. 여기서 첫 번째 숫자(134)는 수축기 혈압, 두 번째 숫자(78)는 이완기 혈압을 나타냅니다.세 번째 숫자(67)는 1분 동안의 맥박 수입니다. 측정 결과를 기록할 때는 0월 0일(오전 0시), 134-78(67), 오른팔(또는 왼팔 )과 같이 날짜, 시간, 사용한 팔도 함께 기록하는 것이 좋습니다.",https://health.kdca.go.kr/healthinfo/biz/health/ntcnInfo/healthSourc/thtimtCntnts/thtimtCntntsView.do,국가건강정보포털
고혈압,고혈압약 복용 후 혈압이 정상인데 약을 중단할 수 있나요?,"고혈압을 진단받은 후 약물치료로 혈압이 정상 범위에 도달했다 하더라도, 의사와 상의 없이 약물 복용을 스스로 중단하는 것은 위험합니다.약을 중단하면 식습관 관리와 운동으로 철저히 관리하지 않는 한 대부분의 경우 혈압이 다시 올라갈 수 있기 때문입니다.고혈압을 치료하지 않고 그대로 두는 경우 10년 후에 평균적으로 약 10~15%에서 뇌졸중이나 심근경색증과 같은 심뇌혈관계 합병증이 발생할 수 있으므로 정기적인 검진과 적절한 치료가 꼭 필요합니다. 만약 매 일 아침에 먹던 고혈압약 복용을 잊어버렸다면 생각나는 즉시 약을 먹습니다.다만, 저녁 시간과 같이 너무 늦게 기억 났다면 그날 약은 건너뛰고, 다음날부터 정상적으로 계속 복용합니다.전날 약 복용을 잊었다고 다음날 두 배로 먹거나, 주변 사람의 약을 빌려 먹지 않도록 합니다.",https://health.kdca.go.kr/healthinfo/biz/health/ntcnInfo/healthSourc/thtimtCntnts/thtimtCntntsView.do,국가건강정보포털
고혈압,고혈압약을 먹고 어지러운데 왜 그런가요?,"고혈압약을 먹는 경우 앉았다 갑자기 일어설 때나 식후에 어지러움을 느낄 수 있습니다. 또한 평소에 물을 잘 먹지 않거나 땀을 많이 흘려 탈수가 되었을 때도 어지러울 수 있습니다. 앉았다 일어날 때 천천히 자세를 바꾸고, 수분을 적절하게 섭취하여 어지러움을 예방할 수 있습니다. 증상이 지속될 때는 병원을 방문하여 치료 조정 여부에 대해 의사와 상담하는 것이 중요합니다.",https://health.kdca.go.kr/healthinfo/biz/health/ntcnInfo/healthSourc/thtimtCntnts/thtimtCntntsView.do,국가건강정보포털
고혈압,고혈압약을 먹고 있는데도 평소보다 혈압이 갑자기 높아지면 어떻게 하나요?,"정확한 방법으로 혈압을 측정했는데도 평소보다 높고, 구역질, 구토, 두통, 시야 흐려짐 등의 증상이 함께 있다면 즉시 병원을 찾아야 합니다.만약 이런 증상이 없다면, 30분에서 1시간 정도 휴식을 취하며 심리적, 신체적 안정을 찾은 후 다시 혈압을 측정해 봅니다. 혈압은 불면, 스트레스, 과도한 신체활동, 과음 등 여러 원인에 의해 일시적으로 높아질 수 있습니다. 고혈압은 꾸준한 관리가 필요한 질환입니다. 건강한 생활습관을 적극적으로 실천하고, 적절 한 치료를 받아 고혈압을 효과적으로 관리하고 합병증을 예방하여 건강한 삶을 누리기를 바랍니다.",https://health.kdca.go.kr/healthinfo/biz/health/ntcnInfo/healthSourc/thtimtCntnts/thtimtCntntsView.do,국가건강정보포털
고혈압,고혈압인데 치료를 하지 않으면 어떻게 되나요?,"고혈압은 성인 중 30%가 가지고 있는 “국민병”이며, 지난 20년 동안의 노력으로 치료와 조절이 점점 좋아지고 있습니다.고혈압 인구 중 혈압을 적절히 조절하는 비율이 1998년에는 4.9%였지만, 2020년에는 47.4%로 10배 정도 증가했습니다. 그렇지만, 아직도 고혈압 인구의 절반(47.4%)만이 혈압을 적절하게 관리하고 있으므로, 10년 후 각종 심뇌혈관계 합병증을 예방하기 위하여 고혈압을 적절하게 관리하는 것은 매우 중요합니다.   고혈압은 치료가 필요한 경우 처방받은 혈압약을 꾸준히 복용하는 것이 혈압을 적절하게 낮추는 데 가장 효과적이며, 운동식이요법 등의 혈압을 낮출 수 있는 좋은 생활습관 유지도 같이 해야 합니다.고혈압을 치료하지 않고 그대로 두는 경우 10년 후에 평균적으로 약 10~15% 정도에서 각종 심뇌혈관계 합병증이 발생할 수 있습니다. 그러나 고혈압을 적절히 관리하면 합병증 발생을 절반으로 (5~7.5%) 줄일 수 있습니다.",https://health.kdca.go.kr/healthinfo/biz/health/ntcnInfo/healthSourc/thtimtCntnts/thtimtCntntsView.do,국가건강정보포털
고혈압,고혈압의 합병증은 어떤 것들이 있나요?,"고혈압을 치료하지 않고 그대로 두면, 처음 며칠이나 몇 달 동안은 문제가 없을 수도 있습니다. 그러나 고혈압을 방치한 지 5~10년 이상 지나면, 각종 고혈압으로 인한 합병증이 생길 수 있습니다.고혈압의 합병증은 크게 ‘증상을 보이지 않는 장기 손상(무증상 장기 손상)’과 ‘증상을 보이는 심뇌혈관질환 및 콩팥질환’의 두 단계로 나눌 수 있습니다. 증상을 보이지 않는 장기 손상은 엄밀히 말하면 합병증 전 단계로 볼 수 있습니다. 증상이 없는 합병증 전 단계에서는 고혈 압을 철저하게 관리하면 정상적인 상태로 좋아질 수도 있습니다. 그러나 이미 심뇌혈관질환이나 콩팥질환의 증상이 나타나는 “고혈압 합병증”단계에 이르면, 현대의학으로도 원래 상태로 되돌리기 어렵습니다. 증상이 있는 합병증이 생긴 이후에는 고혈압 치료와 함께 해당 합병증을 전문적으로 치료해야 합니다.",https://health.kdca.go.kr/healthinfo/biz/health/ntcnInfo/healthSourc/thtimtCntnts/thtimtCntntsView.do,국가건강정보포털
고혈압,고혈압의 합병증을 어떻게 발견하나요?,"사람들이 흔히 “나는 혈압이 오르는 것을 느낀다” 또는 “두통이 심한데 고혈압 때문이다”라고 말하는 경우가 많지만, 고혈압은 증상이 없습니다. 앞에서 말한 증상들은 혈압 수치가 높은 것과 직접적인 관련이 없다는 여러 연구결과가 있습니다.고혈압의 진단은 측정한 혈압의 평균 수치를 가지고 합니다. 안정된 상태에서 적절하게 측정한 평균 혈압이 수축기 140이상 또는 이완기 90이상으로 고혈압이 진단되며, 그 후에는 여러 검사가 필요합니다. 일반적으로 모든 고혈 압인구에서 하는 기본 검사는 일반 건강검진에서 할 수 있는 검사들입니다. 기본 검사에서 이상이 발견되면 추가로 정밀검사를 진행할 수 있습니다.",https://health.kdca.go.kr/healthinfo/biz/health/ntcnInfo/healthSourc/thtimtCntnts/thtimtCntntsView.do,국가건강정보포털
고혈압,"“알겠어요, 고혈압만 잘 관리하면 되겠네요!”, 맞는 말일까요?","아닙니다.고혈압을 잘 관리하면서, 동시에 다른 심뇌혈관 위험인자들도 같이 관리해야 합니다. 40대 초반에 고혈압만 있는 경우, 10년 후 증상이 있는 각종 심뇌혈관계 합병증이 발생할 가능성은 대략 5%입니다. 하지만 같은 혈압 수치라도 이상 지질혈증, 흡연, 조기심뇌혈관질환의 가족력, 비만, 당뇨병 등의 다른 위험인자가 같이 있는 경우에는 위험인자개수에 따라 10년 후 각종 심뇌혈관계 합병증이 생길 위험이 최저 위험군(5% 미만), 저위험군(5~ 15%), 중위험군(15~20%) 및 고위험군(20% 이상)으로 달라집니다. 고 혈압뿐만 아니라 당뇨병이나 이상지질혈증과 같이 조절이 필요한 다른 위험인자도 있다면 함께 관리해야 합니다. 특히 흡연, 운동부족, 비만과 같은 생활습관병도 같이 관리하는 것이 중요합니다.",https://health.kdca.go.kr/healthinfo/biz/health/ntcnInfo/healthSourc/thtimtCntnts/thtimtCntntsView.do,국가건강정보포털
고혈압,고혈압이 흔한가요?,"“우리나라 20대 이상 성인의 약 30%가 고혈압으로 추정됩니다. 고 혈압이 있는 상태로 오랜 시간이 지나면 심근경색, 뇌졸중 등의 각종 심혈관계 합병증이 발생할 수 있습니다.” 고혈압은 안정을 취한 후에 측정한 혈압이 140/90* 이상인 경우를 말합니다. 우리나라 20대 이상 성인의 약 30%인 1207만명이 고혈압이 있는 것으로 추정합니다.이 중2/3 정도만 본인이 고혈압인 것을 알고 있고 (인지율), 고혈압이 있는 사람 중 66%만 치료하고 있 습니다(치료율). 또한, 고혈압이 적절한 수준으로 조절되는 경우는 약 절반(48%) 밖에 안 되는 것으로 알려져 있습니다.고혈압이 있는 상태로 10년 정도 지나면 약 10% 정도에서 심근경색, 뇌졸중 등의 각종 심혈관계 합병증이 발생할 수 있습니다. 하지만 고혈압을 꾸준히 치료하면 이런 합병증을 절반 이상 예방할 수 있습니다.",https://health.kdca.go.kr/healthinfo/biz/health/ntcnInfo/healthSourc/thtimtCntnts/thtimtCntntsView.do,국가건강정보포털
고혈압,혈압이 뭔가요?,"“혈압은 동맥혈관에 따라 흐르는 혈액이 혈관벽에 주는 압력입니다. 각종 심뇌혈관 합병증 발생 위험이 가장 낮은 최적의 정상 혈압은 120/80 아래입니다.” 우리 몸의 모든 부분은 산소와 영양분이 풍부한 혈액을 공급받아야 정상적인 기능을 할 수 있습니다. 온몸 구석구석에 이런 혈액을 보내주는 펌프 작용을 하는 곳이 바로 심장입니다. 혈관은 심장에서 우리 몸 곳곳에 혈액을 공급하는 수도관 파이프 같은 통로이고, 혈관 중에서 심장에서 나오는 혈액이 지나는 곳을  동맥이라고 합니다. 동맥에 흐르는 혈액은 우리 몸 곳곳에 도달할 수 있도록 매우 높은 압력으로 뿜어져 나옵니다. 동맥을 구성하는 혈관벽은 이런 높은 압력을 견딜 수 있도록 튼튼하게 만들어져 있습니다. 혈관벽이 얇으면 높은 압력을 견딜 수 없기 때문이고, 이 혈액의 압력이 바로 혈압입니다. 고혈압이 있으면, 심장이 1분에 60~100번, 하루에 약 10만번 동안 강하게 수축하며 뿜어내는 혈액의 압력 때문에 특히 동맥 혈관의 가장 안쪽에 있는 얇은 내막이 손상받게 되 어동맥경화성 심뇌혈관질환인 심근경색, 뇌졸중 등이 생길 수 있습니다. 심뇌혈관질환의 발생 위험이 가장 낮은 정상 혈압은 120/80 미만이며, 안정시 측정한 평균 혈압이 140/90 이상인 경우를 고혈압이라고 합니다.",https://health.kdca.go.kr/healthinfo/biz/health/ntcnInfo/healthSourc/thtimtCntnts/thtimtCntntsView.do,국가건강정보포털
고혈압,올바른 혈압 측정법,"“혈압은 충분히 안정을 취한 후, 바른 자세로 앉아 측정해야 합니다. 최소 1~2분 간격으로 2번 이상 측정하여 평균하여 사용합니다.” 고혈압의 진단과 치료에서 가장 중요한 것은 혈압 측정입니다. 혈압은 병의원에 방문하지 않고, 가정에서도 쉽게 측정할 수 있습니다. 보통 머리가 아프거나 스트레스 받을 때, 운동을 한 직후에 혈압을 측정하는 경우가 많으시죠? 그런데, 이런 경우보다는 특별한 증상이 없는 안정시의 혈압을 올바른 방법으로 측정하는 것이 중요합 니다. 혈압은 측정환경이나 측정 부위, 자세 등에 의하여 변동이 심하기 때문입니다. 혈압은 앉은 자세에서 측정하고, 혈압 측정 전 최소 30분 이상 흡연, 음주, 카페인 섭취를 하지 않아야 합니다. 등받이가 있는 의자에 등을 기대고 발을 바닥에 붙이고 최소 5분 이상 안정을 취한 후에 혈압을 재는 것이 표준적인 방법입니다. 혈압계의 커프라는 공기 주머니를 혈압계 그림을 보면서 위 팔에 감은 후 측정합니다. 커프는 위 팔 둘레의 80% 이상을 감을 수 있는 크기여야 합니다.커 프의 중심은 심장과 같은 높이로, 그리고 커프의 가장 아래 부분은 팔꿈치 앞쪽의 팔이 접히는 부분에서 약 3cm 정도 떨어져 있어야 합니다. 혈압은 한번 잴 때 최소 1-2분 간격으로 2번 이상 측정하여 평균값을 사용합니다.5분 이상 안정을 취하지 않고, 급하게 걸어와서 바로 혈압을 재면 높게 나오는 경우가 많습니다.만약 첫 번째와 두 번째 혈압의 차이가 20mmHg 이상이면 한번 더 혈압을 측정하여, 수치가 안정된 두 번째와 세 번째 혈압을 평균하여 사용합니다.예 를 들어, 첫 번째와 두 번째 혈압이 각각 160/90, 134/80이면 차이가 많이나므로 (160-134=26) 혈압을 한 번 더 측정합니다.세 번째 측정한 혈압이 130/80이라면, 첫 번째(160/90)는 버리고 두 번째(134/80)와 세 번째 혈압(130/80)을 평균하여 132/80으로 혈압을 기록합니다.",https://health.kdca.go.kr/healthinfo/biz/health/ntcnInfo/healthSourc/thtimtCntnts/thtimtCntntsView.do,국가건강정보포털
고혈압,가정혈압 측정 후 메모하는 법,"“가정혈압의 기록방법 : 2022년 5월 3일(오전 8시) 134/78(67) 오른팔” 보통 가정 혈압계로 혈압을 재면 숫자가 134/78(67) 등으로 3가지가 보여집니다. 첫 번째 숫자(134)는 수축기압력으로 심장이 수축할 때 혈관이 받는 압력이고, 두 번째 숫자(78)는 이완기 혈압으로 심장이 다음 수축을 위해 수축을 멈출 때의 압력입니다.세 번째 숫자(67)는 맥박수로 혈압을 잴 때 심장이 1분간 수축하는 횟수입니다.이 숫자를 보통 1 34/78(67)이라고 기록할 수 있습니다.가 정혈압을 잰 후에는 이 숫자들과 함께, 측정한 날짜와 시간 그리고 어느 쪽 팔에서 측정하였는지를 기록하는 것이 좋습니다.",https://health.kdca.go.kr/healthinfo/biz/health/ntcnInfo/healthSourc/thtimtCntnts/thtimtCntntsView.do,국가건강정보포털
고혈압,언제 고혈압이라고 하나요?,"“고혈압은 진료실에서 안정된 상태로 측정한 수축기 혈압이 140 이상이거나, 이완기 혈압이 90 이상인 경우입니다.” 진료실에서 제대로 측정한 안정시 수축기 혈압이 140이상이거나 이완기 혈압이 90 이상인 경우를 고혈압이라고 합니다.가 정혈압은 보통 진료실 혈압보다는 낮게 측정되므로, 올바른 방법으로 측정한 가정혈압으로 고혈압의 기준은 수축기 혈압이 135 이상이거나 이완기 혈압이 85이상인 경우를 말합니다.148/93처럼 수축기나 이완기 혈압이 모두 기준보다 높을 때 뿐 아니라, 148/86처럼 수축기만 140이상이거나, 136/94처럼 이완기만 90 이상일 경우 모두 고혈압입니다. 혈압은 나이가 들면서, 가족력이 있거나 흡연을 하는 등 심혈관계 위험인자가 있으면 점차 높아질 수 있습니다. 각종 심뇌혈관 합병증 발생 위험이 가장 낮은 최적의 정상 혈압은 120/80 이하 즉, 수축기 혈압도 120을 넘지 않고 이완기 혈압도 80을 넘지 않는 것입니다.수축기 혈압이 120~139 또는  이완기 혈압이 80~89인 경우에 고혈압 주 의 혹은 고혈압 전 단계라고 합니다.",https://health.kdca.go.kr/healthinfo/biz/health/ntcnInfo/healthSourc/thtimtCntnts/thtimtCntntsView.do,국가건강정보포털
고혈압,언제 병의원에 가야 하나요?,"“만 40세 이상, 가족력, 비만, 고혈압 전 단계(수축기혈압 130~139 또는 이완기 혈압 80~89)인 경우에는 최소한 1년에 한번 병의원에 방문하시는 것이 좋습니다.” 우리나라 성인의 약 30%가 고혈압이고, 특히나이가 증가할수록 더 많은 사람에게 고혈압이 생길 수 있습니다.만 40세 이상이거나 고혈압의 가족력이 있거나, 비만, 그리고 올바른 방법으로 측정한 혈압이 고혈압 전 단계(수축기혈압 130~139 혹은 이완기 혈압 80~89 )인 경우에는 최소한 1년에 한번 병의원에 방문하여 진료실 혈압을 측정하는 것이 좋습니다. 진료실에서 혈압을 다시 측정하고, 기본적인 혈액검사, 심전도 등의 추가 검사를 받습니다.이를 통해 혈압상승의 정도, 증상은 없지만 알게 된 심뇌혈관질환의 위험인자, 검사 결과를 종합하여 약물요법인 항고혈압약제 사용의 시작 혹은 비약물요법인 운동, 식이요법 등을 시작할 수 있습니다.",https://health.kdca.go.kr/healthinfo/biz/health/ntcnInfo/healthSourc/thtimtCntnts/thtimtCntntsView.do,국가건강정보포털
"고혈압, 당뇨병, 이상지질혈증","심뇌혈관질환 선행질환(고혈압, 당뇨병, 이상지질혈증 등)은 어떤 단계로 심뇌혈관질환으로 진행되며, 어떤 영향을 미치나요?","혈압이 지속적으로 높으면 뇌혈관에 동맥경화가 발생하여 점차 딱딱해지고 좁아지다가 어느 순간 막혀 뇌경색이 생기거나, 딱딱해서 탄력을 잃은 혈관이 터지면 뇌출혈이 발생하게 됩니다.뇌경색과 비슷한 현상이 심장혈관에 생기는 질환이 협심증, 심근경색증입니다. 또 높은 혈압을 견디기 위해 심장에 무리가 가게 되어 좌심실비대를 비롯하여, 협심증, 심근경색증, 심부전 발생 위험이 높아지게 됩니다. 당뇨병 환자의 높은 혈당이 지속되면 혈액이 끈적해져 혈전이 생기기 쉽고, 혈관에 염증을 일으켜 점차 혈관이 좁아지거나 막힐 수 있습니다. 당뇨병 환자에서 동맥경화증에 의한 관상동맥질환, 뇌혈관질환은 당뇨병이 없는 사람보다 그 빈도가 2-4배 높습니다.이상지질혈증은 조절하지 않고 장기간 방치하면 콜레스테롤이 혈관벽에 쌓여(동맥경화) 혈관이 좁아지거나 막히고 협심증, 심근경색, 뇌졸중(뇌경색)과 같은 심뇌혈관질환으로 진행될 수 있습니다.",https://health.kdca.go.kr/healthinfo/biz/health/ntcnInfo/healthSourc/thtimtCntnts/thtimtCntntsView.do,국가건강정보포털
"고혈압, 당뇨병, 이상지질혈증",심뇌혈관질환의 조기 증상은 어떤 것들이 있나요?,"<심근경색증> 심혈관 질환 중심 근경색증에서 가장 흔히 느낄 수 있는 증상은 가슴 통증입니다. 명치 부나 가슴 한가운데 의 통증이 전형적이며, 환자들은 이 통증을 '가슴을 짓누른다', '쥐어짜는 듯하다', '칼로 도려내는 듯하다', '뻐개지는 것 같다'라고 표현합니다. 통증이 가슴이외의 부위로 퍼져나갈 수 있는데, 이러한 방사통은 주로 좌측 팔, 목, 턱 등 배꼽위의 신체 부위에 흔히 나타납니다. 극도로 불안해하며 안절부절 못하고, 의식상태가 저하되기도 하 며 안면이 창백하고 땀이 나고 손발이 차가워질 수 있습니다. 구토, 위통, 식욕부진으로 인해 급성체증이나 위장질환으로 오인할 수 있습니다. 그 외에도 호흡곤란 등의 증상이 나타날 수 있습니다. <뇌졸중> 뇌혈관은 손상된 뇌의 위치와 범위가 어떠한지에 따라 매우 다양한 증상이 나타날 수 있습니다. 한쪽 팔, 다리에 마비가 오고 힘이 빠지거나 저리고 감각이 없어질 수 있습니다. 말이 어눌해지거나 상대방의 말을 이해하지 못하고, 한쪽 눈이 보이지 않거나 하나의 물건 이 두 개로 보입니다. 또 시야의 오른쪽 반 혹은 왼쪽 반이보이지 않을 수 있습니다. 번개나 망치로 맞은 듯한 아주 심한 두통이나 어지러움이 발생할 수 있습니다. 심근경색증이나 뇌졸중 증상으로 의심되면 망설이지 말고 119에 신고해서 치료가 가능한 병원으로 가야 합니다.",https://health.kdca.go.kr/healthinfo/biz/health/ntcnInfo/healthSourc/thtimtCntnts/thtimtCntntsView.do,국가건강정보포털
"고혈압, 당뇨병, 이상지질혈증",심뇌혈관질환 예방에 도움이 되는 운동과 식습관이 있나요?,"<운동> 활발한 신체활동과 규칙적인 운동은 각종 심뇌혈관 질환이 발생하는 것을 막아주는 1차 예방 효과와 심뇌혈관질환이 이미 발생한 경우 재발을 막아주는 2차 예방 효과가 모두 있습니다. 심뇌혈관을 건강하게 할 수 있는 3가지 운동은 유산소 운동, 저항성 운동(근력운동), 그리고 유연성 운동입니다.이 운동들은 각각의 장단점이 있으며 서로 모자라는 부분을 보충합니다. 따라서, 3가지 운동 모두를 계속 실천하는 것이 중요합니다. 일상에서는 대중교통 을 이용하거나, 낮은 층수는 계단을 사용하는 등의 방법으로 활동량을 높일 수 있습니다. 앉아 일하거나 TV를 보는 동안에도 가끔 일어나 간단한 신체활동을 하는 것이 좋습니다. <식사>심뇌혈관질환 예방을 위해 생선류, 콩류, 통곡류, 저지방 유제품, 신선한 채소와 과일, 견과류와 같은 권장식품을 선택합니다. 반면, 기름기가 많은 육류, 육가공품, 크림이 많이 든 간식, 튀긴 음식, 단 음식 같은 주의 식품은 섭취 횟수와 섭취량이 많아지지 않도록 주의합니 다.쌀밥보다는 잡곡밥을 선택하고 단백질 공급원으로 육류만이 아니라 생선, 두부 등을 골고루 이용하는 것이 좋습니다. 식사할 때 채소, 버섯, 해조류를 충분히 섭취하도록 합니다.",https://health.kdca.go.kr/healthinfo/biz/health/ntcnInfo/healthSourc/thtimtCntnts/thtimtCntntsView.do,국가건강정보포털
"고혈압, 당뇨병, 이상지질혈증",심뇌혈관질환은 가족력(유전)이 있으면 무조건 걸리는 건가요?,"관상동맥질환의 가족력은 심혈관질환의 주요 위험인자 중 하나입니다. 심뇌혈관질환의 주요 선행질환인 고혈압, 당뇨병도 유전적 특성이 강합니다. 부모가 모두 고혈압이면 자식이 고혈압에 걸릴 확률은 약 80% 정도이며, 부모 모두 당뇨병인 경우 자식이 당뇨병에 걸릴 확률은 50% 이상입니다. 그러나 이중순수하게 유전자의 이상으로 생기는 경우는 일부입니다.가 족력이 대부분은 유전자의 이상 외에 나쁜 생활습관을 물려받는 경우가 작용하므로 가족력이 있는 분 은 더 열심히 좋은 생활습관을 유지하도록 힘써야 합니다.",https://health.kdca.go.kr/healthinfo/biz/health/ntcnInfo/healthSourc/thtimtCntnts/thtimtCntntsView.do,국가건강정보포털
고혈압,고혈압 환자는 왜 ‘심뇌혈관질환’을 주의해야 하나요?,"고혈압이란 위 팔에 혈압대를 감아 측정한 동맥의 압력을 기준으로 수축기 혈압 140mmHg 이상, 또는 이완기 혈압 90mmHg 이상인 경우를 말합니다.고혈압은 심뇌혈관질환의 발생률을 가장 크게 높이는 위험요인입니다.고혈압을 치료하지 않고 상태가 지속되면 혈관벽에 지속해서 강한 압력이 가해집니다. 그 결과 동맥혈관에 죽상경화증이 생겨 혈관이 약해지고 상처가 나면서 동맥벽이 두꺼워지고 딱딱해져서 고혈압에 의한 장기 손상이 초래됩니다. 결국 허혈성심 질환(협심증, 심근경색증 등)이나 심부전, 뇌졸중과 같은 심뇌혈관질환이 발생합니다.",https://health.kdca.go.kr/healthinfo/biz/health/ntcnInfo/healthSourc/thtimtCntnts/thtimtCntntsView.do,국가건강정보포털
고혈압,고혈압의 원인은 유전인가요? 생활 습관 개선으로 예방할 수 있나요?,"고혈압은 유전적인 특성이 강한데, 부모가 모두 고혈압이면 자녀가 고혈압에 걸릴 확률은 약 80% 정도이며, 이때 나쁜 습관 등 환경적인 요인이 겹치면 고혈압이 더 잘 발생하게 됩니다.고혈압의 가족력이 있다 하더라도 생활습관을 개선하면 고혈압의 발생을 줄일 수 있는데, 체중감량, 짜지 않게 먹기, 절주, 금연, 그리고 규칙적인 운동이고혈압 예방에 좋은 방법입니다.",https://health.kdca.go.kr/healthinfo/biz/health/ntcnInfo/healthSourc/thtimtCntnts/thtimtCntntsView.do,국가건강정보포털
고혈압,고혈압 증상의 응급처치 방법은 어떤 것들이 있나요?,"고혈압은 표적 장기 손상(심장, 뇌, 눈 등 중요 장기의 고혈압에 의한 손상) 전까지는 특별한 증세가 없는 것이 보통이지만, 두통, 두근거림, 호흡곤란 등이 나타날 수 있습니다.만 일정확한 방법으로 혈압을 측정해도 평소보다 높으면서 두통, 구역질, 구토, 시야 흐려짐 등이 발생했다면 빨리 병원을 찾아야 합니다. 그런 증상이 없다면 30분~1시간 정도 심리적, 신체적으로 안정을 취한 뒤 다시 측정해 봅니다. 불면, 스트레스, 과도한 활동, 폭음 등의 원인에 의해일 시적으로 혈압이 높아질 수 있습니다.",https://health.kdca.go.kr/healthinfo/biz/health/ntcnInfo/healthSourc/thtimtCntnts/thtimtCntntsView.do,국가건강정보포털
고혈압,고혈압 치료를 하고 약을 먹어야 하나요?,"확실히 고혈압을 진단받은 환자라면 의사와 상의 없이 임의로 약물을 끊어서는 안 됩니다.특히 중년을 넘었고, 단기간 혈압을 올릴 만한 원인(비만, 진통제, 통증, 스트레스 등)이 없으며, 표적 장기 손상이 있다면 더욱 그렇습니다.고혈압은 증상이 없는 경우가 많아 환자들이 치료의 중요성을 간과하기 쉽습니다.고혈압을 치료하는 이유는 증상을 치료하기 위해서라기보다는 고혈압으로 인한 합병증을 최소화하기 위해서입니다.고혈압을 앓고 있는 사람은 고혈압의 합병 증인 뇌졸중 및 관상동맥질환의 위험이 정상인에 비해 2.5배 이상 높기 때문에 주기적인 검진과 적절한 치료가 꼭 필요합니다. 또한, 고혈압 치료로 약 복용 중 깜빡하고 잊어버렸다면 생각나는 즉시 혈압약을 복용합니다.다만, 너무 늦은 시간 알아차렸다면 (저녁시간이 가까워지면), 다음날 복용합니다. 빼먹었다고 배로 먹거나, 주변 사람 혈압약을 빌려 먹지 않습니다.",https://health.kdca.go.kr/healthinfo/biz/health/ntcnInfo/healthSourc/thtimtCntnts/thtimtCntntsView.do,국가건강정보포털
고혈압,집에서도 혈압을 측정해 보고 싶은데 어떻게 측정해야 하나요?,"집에서 혈압을 측정할 때는 아침에 일어난 후 1시간 이내, 소변을 본 후, 아침식사 전, 고혈압약 복용 전, 밤에는 취침 전에, 검증된 혈압계로 측정합니다.측정시, 2분 정도의 시간 간격을 두고 2회 이상 측정하여 평균을 냅니다. 처음 측정할 때에는 양팔의 혈압을 모두 측정합니다.정상적으로 10mmHg 이내 범위의 양팔의 혈압 차이는 있을 수 있습니다. 처음에는 양팔에서 혈압을 측정한 뒤, 다음부터는 혈압 수치가 더 높은 팔을 측정합니다. 그리고 처음 진단할 때는 적 어도 1주일 동안, 치료 결과 평가 시에는 가능한 여러 날 측정하며 적어도 외래 방문 직전 5~7일간 측정을 권장합니다.",https://health.kdca.go.kr/healthinfo/biz/health/ntcnInfo/healthSourc/thtimtCntnts/thtimtCntntsView.do,국가건강정보포털
고혈압,무조건 짜게 먹지 말라고 하는데 하루 어느 정도 나트륨을 섭취하는 게 좋은가요?,"염분에 따른 혈압 상승 정도는 사람마다 다르나, 일반적으로 짜게 먹을수록 혈압이 높아지고 소금 섭취를 줄이면 혈압이 낮아지는 편입니다.세계 식량농업기구와 세계보건기구에서는 하루나트륨 섭취량을 2,000mg 이하로 권장하고 있습니다.이는 소금으로 치면 5g이고, 1티스푼 정도입니다. 우리나라 일반적인 성인이 하루에 섭취하는 소금양은 7~8g 정도이므로 절반 정도로 줄인다는 생각으로 싱겁게 드시는 것이 좋습니다. 특히 국물이나 찌개는 나트륨 농도 가 낮더라도 전체 국물 양이 많이 때문에 국에 말아 먹거나 찌개를 비벼 먹지 않는 것이 중요합니다.",https://health.kdca.go.kr/healthinfo/biz/health/ntcnInfo/healthSourc/thtimtCntnts/thtimtCntntsView.do,국가건강정보포털
고혈압,고혈압의 기준은 무엇이며 .정상적인 혈압은 어떤 상태를 말합니까?,"세계보건기구(W.H.O)에서 정한 기준에 의하면 혈압상태를 다음의 4단계로 규정하고 있습니다. 세계보건기구에서 정한 기준(단위㎜ Hg) 저혈압: 최고 혈압 100 이하, 최저혈압 60이하 정상 혈압: 최고혈압 140 이하, 최저혈압 90이하 경계역(고) 혈압: 최고 혈압 140~160, 최저혈압 90~95 고혈압: 최고혈압 160이상, 최저혈압 95이상 그러나 W.H.O에서 기준이 정해진 이후 장기간 관찰한 결과 확장기혈 압이 90㎜ Hg 이상에서는 여러 가지 합병증이 발생한다는 것이 밝혀져서 미국 합동 전문위원회(J.N.C)에서는 확장기 혈압 90㎜ Hg 이상을 고혈압으로 하고 치료의 대상으로 정했습니다.",http://www.acdm.or.kr/bbs/505.php?&fm_id=2&page=1,한국만성질환관리협회
고혈압,고혈압은 왜 문제가 되고 있습니까?,"① 유병률이 높고, ②사망률이 높으며, ③확실한 치료방법이 없으며, ④무서운 합병증을 수반하며 ⑤결국 주요 사인이 되기 때문입니다.",http://www.acdm.or.kr/bbs/505.php?&fm_id=2&page=1,한국만성질환관리협회
고혈압,고혈압 발생의 위험 유인들은 무엇입니까?,"① 유전적 소질②식염의 과잉 섭취 ③ 스트레스, 흥분④과 체중, 비만 및 운동 부족 ⑤ 흡연과 과도한 음주 ⑥ 연령의 증가⑦한 냉에의 노출 등입니다.",http://www.acdm.or.kr/bbs/505.php?&fm_id=2&page=2,한국만성질환관리협회
고혈압,식염을 과잉 섭취했을 때 나타나는 위험 상태는 무엇입니까?,소금은 체내의 수분량을 증가시키고 혈관을 수축시키는 작용이 있어 혈압을 상승시켜줍니다.참고로 우리나라 사람들은 하루에 15~20g의 소금을 먹고 있는데 이는 간장·된장·고추장 등 여러 염장 식품들을 먹기 때문입니다. 선진국처럼 10g 이하로 줄이도록 노력해야 하겠습니다.,http://www.acdm.or.kr/bbs/505.php?&fm_id=2&page=3,한국만성질환관리협회
고혈압,스트레스를 받으면 혈압이 올라간다는데 그 이유는 무엇입니까?,"스트레스를 받으면 긴장하거나 흥분할 떄 맹렬한 반응을 일으키는 교감신경이 활성화되는데, 교감신경이 자극되면 혈관을 수축시키는 호르몬이 분비되어 혈압이 오르면서 심장도 빨리 뜁니다.",http://www.acdm.or.kr/bbs/505.php?&fm_id=2&page=4,한국만성질환관리협회
고혈압,흡연과 과음은 왜 혈압을 상승시킵니까?,"담배의 니코틴은 혈관을 수축시키므로 혈압을 상승시킵니다. 또 니코틴은 동맥경화를 촉진하고 헤모글로빈의 산화를 방해하며 산소 공급을 저하시키므로 심장혈관의 노화를 촉진시키기기도 합니다.술도 또한 체내에서 분해되는 과정에서 혈압을 높이는 물질로 변하므로 술기운이 떨어졌을 때의 불안, 초조는 초조는 스트레스로 작용됩니다.",http://www.acdm.or.kr/bbs/505.php?&fm_id=2&page=5,한국만성질환관리협회
고혈압,연령이 높을수록 혈압이 높아진다는 데 사실입니까?,"중년기 이후, 비교적 급상승을 보이는데 남자는 여자보다 5~10㎜ Hg만큼 더 높아지며, 60대 이후는 수축기(최고) 혈압이 급격히 상승하는 반면, 확장기(최저) 혈압은 다소 떨어지는 경향이 있습니다. 여자는 50세 갱년기를 전후해서 혈압이 높아지는 경향이 있습니다.",http://www.acdm.or.kr/bbs/505.php?&fm_id=2&page=6,한국만성질환관리협회
고혈압,고혈압의 초기 증상은 무엇입니까?,"①두 중 감·두통·현기증·정신 집중장애 ② 가슴이 뛰고 가벼운 운동에도 숨이 차게 되고 ③시력 감퇴·이병·신경과민, 흥분하기 쉬운 경향이 있습니다.",http://www.acdm.or.kr/bbs/505.php?&fm_id=2&page=7,한국만성질환관리협회
고혈압,고혈압의 합병증은 어떤 것들이 있습니까?,"뇌·심장·신장 그리고 눈에 심한 합병증을 초래하는데, 대동맥 말초혈관에도 병변이 발생하여 뇌졸중·심부전·허혈성 심장질환·신부전·시력장애·박리성 대동맥류·간혈성 파행증(間歇性跛行症) 등이 발생합니다.이들은 모두 치사율이 매우 높아 큰 문제입니다.",http://www.acdm.or.kr/bbs/505.php?&fm_id=2&page=8,한국만성질환관리협회
고혈압,심부전의 증상은 무엇입니까?,심장은 높은 혈압을 받으면 심장이 커지며 펌프 작용이 약화되고 심박 출량도 감소되어 혈액 공급을 못하게 됩니다. 이렇게 되면 하지(다리)에 부종이 오고 호흡이 곤란해져 기좌호흡의 증상 등이 나타납니다.,http://www.acdm.or.kr/bbs/505.php?&fm_id=2&page=9,한국만성질환관리협회
고혈압,뇌졸중이란 무엇입니까?,"뇌졸중은 뇌출혈과 뇌경색으로 구분하는데.과거에 뇌일혈이라 불리웠던 뇌출혈은, 뇌동맥의 가느다란 가지에 생긴 혈관 변성으로 생긴 동맥류가 터져 출혈하는 것이고, 그동안 우리나라에서 사망 원인 1위였으며 40~50대에 많았던 뇌졸중의 대표적인 병형입니다. 그리고 과거에 뇌연화라고 불렀던 뇌경색은 동맥경화로 뇌동맥이 막혀 뇌조직이 괴사하는 상태를 말하는데, 요사이는 이 병이 더 많아지는 추세입니다.",http://www.acdm.or.kr/bbs/505.php?&fm_id=2&page=10,한국만성질환관리협회
고혈압,신부전의 증상은 무엇입니까?,전 신 부종으로 요독증이 되며 혈압을 더욱 상승시키는 악순환을 일으키고 신동맥의 병변이 고혈압의 변성을 더욱 심화시켜 악성 고혈압으로 발전되면 위험하게 됩니다.,http://www.acdm.or.kr/bbs/505.php?&fm_id=2&page=11,한국만성질환관리협회
고혈압,허혈성 심장질환의 증상은 무엇입니까?,"심한 흉통이 특징이며, 24시간 내에 급사하는 경우가 많습니다. 그 이유는 동맥경화로 관상동맥 내강이 더욱 좁아지거나 완전히 막히기 때문입니다. 일반적으로 심근의 산소 부족 때문에 심한 통증을 일으켜 처음엔 협심증이 나타나게 되지만, 더욱 진행되어 산소 공급이 심히 부족하게 되면 심근이 괴사하여 심근경색증이 되기도 합니다.",http://www.acdm.or.kr/bbs/505.php?&fm_id=2&page=12,한국만성질환관리협회
고혈압,고혈압에서의 시력장애는 어떻게 나타납니까?,"고혈압은 안저에 고혈압성 병변을 일으켜 출혈, 삼출몰 등이 발생하여 안저의 신경세포를 뒤덮으며 부분적으로 시력장애가 나타납니다.",http://www.acdm.or.kr/bbs/505.php?&fm_id=2&page=13,한국만성질환관리협회
고혈압,"대동맥류, 간헐성 파행증이란 무엇입니까?","대동맥, 말초동맥 특히 다리의 동맥에 동맥경화를 일으키고 대동맥의 외벽이 갈라져 박리성 대동맥류가 될 수 있으며, 파열되면 급사하게 됩니다. 또 다리의 동맥경화로 통증을 느껴 보행을 하기가 어렵습니다.이를 간헐성 파행증이라고 합니다.",http://www.acdm.or.kr/bbs/505.php?&fm_id=2&page=14,한국만성질환관리협회
고혈압,고혈압의 생활요법은 무엇입니까?,"①식염 섭취를 하루 10g 이하로 줄이도록 노력하고, ②스트레스의 해소에 노력하며, ③ 체중 조절을 위해 주 3회 이상, 1회 30분 이상 운동을 하고, ④무절제한과 식을 피하며, ⑤금연, ⑥과 음을 피하고, ⑦ 명상생활을 할 것 등입니다.",http://www.acdm.or.kr/bbs/505.php?&fm_id=2&page=2,한국만성질환관리협회
고혈압,혈압은 왜 오릅니까?,"생명의 최소 단위인 세포들에게 신진대사를 윙 해산소를 공급해야 되는데 혈액순환 상태가 나빠져 산소 공급이 잘 안 되니 신체의 최고사령관이며 콘트롤센터인 뇌하수체에서 부신에 명령을 내려 배수장의 가압장치를 풀가 동시켜 수압을 높이는 조치를 취하도록 합니다.부신의 수질에서는 에피테프린과 노르에피네 프린이란 혈압 상승 호르몬을 분비하여 심박 출량과 말초혈관 저항을 증대시킴으로써 혈압을 상승시킵니다. 이렇게 해서 말초의 조직세포들은 겨우 숨을 돌리게 되는데 , 이때 신체의 주인은 혈압이 높아졌다고 우왕좌왕하면서 혈압 강하제를 먹고 혈압이 떨어지면 또 조직세포에서는 숨이 차다고 아우성하게 됩니다.",http://www.acdm.or.kr/bbs/505.php?&fm_id=2&page=2,한국만성질환관리협회
고혈압,건강보조식품 E.P.A와 동맥경화 예방과의 관계는 무엇입니까?,"EPA는 혈중의 콜레스테롤과 중성지방을 낮추어 고지질혈증을 예방하면, 혈소판의 응집을 억제하여 혈전을 예방하고, 또 나쁜 콜레스테롤인 LDL(저밀도지단백)를 저하시키고 좋은 콜레스테롤인 HDL(고밀도지단백)의 양을 증가시켜 동맥경화증을 예방해준다고 알려져 있습니다.",http://www.acdm.or.kr/bbs/505.php?&fm_id=2&page=2,한국만성질환관리협회
고혈압,혈압과 맥박의 차이는 어느 정도입니까?,"혈압은 한마디로 말해서 혈관 속을 흐르고 있는 혈액이 혈관벽에 미치는 압력을 말하며, 맥박은 혈액이 혈관에 부딪치는 일로 인해 나타나는 현상을 말합니다.",http://www.acdm.or.kr/bbs/505.php?&fm_id=2&page=2,한국만성질환관리협회
고혈압,보통 수축기 혈압보다 확장기 혈압이 더 중요하다고 하는데 그 이유는 무엇입니까?,확장기(최저) 혈압이 혈관의 강화 상태를 잘 나타내기 때문입니다.즉.혈관의 상태가 나쁘면 높은 혈압을 이겨낼 수가 없기 때문입니다.,http://www.acdm.or.kr/bbs/505.php?&fm_id=2&page=3,한국만성질환관리협회
고혈압,고혈압의 구분은 어떻게 합니까?,"고혈압에는 75~90%를 차지하는 데 본태성고혈압과 10~25%를 차지하는 속발성 고혈압이 있는데, 속발성 고혈압은 신장병, 갈색세포종, 쿠싱 증후군 등이 원인이 되어 이로 인해 혈압이 높아지는 2차성 고혈압입니다. 우리가 보통 말하는 고혈압은 본태성 고혈압을 말하며 40대 이후 고혈압의 대부분은 이에 속합니다.",http://www.acdm.or.kr/bbs/505.php?&fm_id=2&page=4,한국만성질환관리협회
고혈압,혈전이란 무엇을 말합니까?,혈소판이 응집하여 생긴 핏 덩어리를 말합니다.,http://www.acdm.or.kr/bbs/505.php?&fm_id=2&page=5,한국만성질환관리협회
고혈압,혈소판이란 무엇을 말합니까?,"혈액의 한 성분으로 혈관이 터진다든지, 상처를 입었을 때 그곳을 땜질하여 혈액이 바깥으로 새어나가는 것을 막기 위해 한데 모여 엉키게 하는 작용을 하는데, 혈소판에 아무런 이상이 없어도 함부로 엉키는 경우, 즉 비정상인 혈소판의 응집도 있습니다.",http://www.acdm.or.kr/bbs/505.php?&fm_id=2&page=6,한국만성질환관리협회
고혈압,혈전이 생기는 원인이 무엇입니까?,"보통 혈관 내 피의 손상이나 염증, 혈액 응고의 항진 등을 들을 수 있으나, 과산질과 같은 유리기에 의해 혈소판의 막에 장애가 생기는 데서 원인이 있다고 합니다.",http://www.acdm.or.kr/bbs/505.php?&fm_id=2&page=7,한국만성질환관리협회
고혈압,경색이란 무엇입니까?,혈전이 혈관의 구멍을 막아버려 혈액이 흐르지 못함으로써 그 이하 부분의 조직이 괴사되는 상태를 말합니다.,http://www.acdm.or.kr/bbs/505.php?&fm_id=2&page=8,한국만성질환관리협회
고혈압,EPA와 혈전증 방지와의 관계는 무엇입니까?,EPA에서 만들어진 프로스타글란딘은 강력한 혈소판 응집 억제 작용과 혈관 확장 작용이 있어 혈전을 방지하고 혈압을 낮춘다고 합니다.,http://www.acdm.or.kr/bbs/505.php?&fm_id=2&page=9,한국만성질환관리협회
고혈압,EPA와 심근경색 예방과의 관계는 무엇입니까?,"심근경색이란, 심장 근육에 절대로 필요한 산소와 영양물질을 공급하는 파이프라인인 관상동맥이 막혀서 혈액순환이 단절되는 상태인데, 이렇게 되면 심근의 조직세포가 괴사됩니다.이에는 콜레스테롤, 중성지방 등의 혈중 지질 증가로 인한 관상동맥의 죽상경화가 주요 원인이 됩니다.이 병을 악화시키는 것으로는, 혈소판의 응집에 의한 혈전과 교감신경의 흥분에 의한 관상동맥의 연축(연縮)이 있습니다. 그런데 동맥의 연축(연縮)이 있습니다. 그런데 EPA의 생 리적작용은, ①혈 중 콜레스테롤 및 중성지방의 수준을 낮추고 ②혈소판의 응집을 억제하여 혈전을 방지하며 ③교감신경의 흥분을 억제하여 혈관의 수축을 방지하므로 혈관을 확장하여 혈액의 순환을 돕습니다. 그렇기 때문에 EPA 함유가 풍부한 등 푸른 바다 생선을 많이 먹는 에스키모인들에게 심근경색은 거의 없다고 합니다.",http://www.acdm.or.kr/bbs/505.php?&fm_id=2&page=10,한국만성질환관리협회
고혈압,"고혈압의 정도, 즉 중증도는 어떻게 압니까?","고혈압은 임상적으로나자 각 증세만으로는 병의 경증을 판단할 수가 없지만, 비교적 간단히 시행할 수 있는 몇 가지 소견을 종합하면 환자의 현재 상태를 파악할 수 있으므로 고혈압이 발견되면 누구나 필요한 검진을 받아야만 합니다. 따라서, 고혈압의 중증도(重症度)는 혈압치 외에도 여러 가지 기준을 종합 평가하는 것이 중요합니다. 첫째, 최근에는 미국 합동전문위원회(J.N.C)에서 결정한 기준에 따라 혈압을 분류하는 방법을 많이 사용하고 있는데, 이에 따르 면 확장기 혈압이 90~104㎜ Hg는 경증 고혈압, 105~114㎜ Hg는 중등도 고혈압, 115㎜ Hg 이상은 중증 고혈압으로 분류되어 진단 및 치료의 기준이 되고 있습니다. 또한 확장기 혈압은 90㎜ Hg 이하의 정상이나, 수축기고혈압이 140~150㎜ Hg일 때는 경계역 수축기 고혈압, 160㎜ Hg 이상일 때는 수축기고혈압이라고 합니다. 둘째, 눈 속의 안저혈관 상태를 관찰해 제1도에서 제4도까지 분류하는데, 이것은 오래전부터 고혈압의 중증도를 비교적 쉽게 가려낼 수 있는 방법으로 고혈압의 중증도를 비교적 쉽게 가려낼 수 있는 방법으로 고혈압 환자라면 반드시 알아보는 검사 가운데 하나입니다. 셋째, 흉부X-선이나 심전도, 소변검사로 심장 기능과 신장 기능을 알아본 다음이들을 종합해서 고혈압의 중증도를 판단하는 것입니다. 또한 이 결과로 합병증의 발생 여부와 예후에 대해서도 어느 정도 짐작이 가능합니다.",http://www.acdm.or.kr/bbs/505.php?&fm_id=2&page=11,한국만성질환관리협회
고혈압,혈압은 얼마나 자주 측정해야 합니까?,"지금이라도 자신의 혈압이 얼마인지 모르는 사람은 곧 혈압을 측정해 보고 정상 혈압, 즉 수축기 140, 확장기 90 이하 인 사람은 1년에 1회씩만 계속 재어보면 됩니다. 자신의 혈압이 고혈압인 경우, 즉 수축기혈압 160 이상, 확장기 혈압 95㎜ Hg 이상인 사람은 약물치료를 시작하기 전에 일반적인 주의사항 특히 식이요법, 체중조절 및 정신적 안정을 취하면서 1주일 간격으로 혈압을 계속 측정해본 후에.약물치료를 하는 것이 원칙입니다. 혈압이 조절되어 정상 이 될 때까지는 1주일마다 혈압을 재고 약을 증감하는 것이 좋고, 정상 혈압이 된 후에는 1개월마다 혈압을 측정하고 의사와 상의해도 무방합니다. 따라서 고혈압 환자가 있는 가정은 혈압기를 비치하고 정기적으로 혈압을 측정하여 기록하는 습관을 가지는 것이 환자의 치료 경과를 관찰하는 데 매우 편리합니다. 실제로 이와 같은 목적으로 혈압기가 일반 가정에 많이 보급되고 있으며, 혈압측정이 기술상으로 쉽기 때문에 누구나 가능한 일입니다. 더구나 최근에는 자동혈압측 정기가 개발되었으므로 더욱 문제가 없습니다. 따라서, 누구든지 자신의 현재 혈압이 얼마인지는 최소한 알고 있는 것이 매우 중요한 일이라는 것을 다시 한 번 더 강조합니다. 중간형 협심증의 범위에 드는 협심증은 심근경색으로 이행할 가능성이 있으므로 주의해야 할 것입니다. 따라서 이중간 형이라는 이름은 심근경색과 협심증 사이에 위치하는 병이라는 의미로 붙여진 것입니다.",http://www.acdm.or.kr/bbs/505.php?&fm_id=2&page=12,한국만성질환관리협회
고혈압,고혈압 치료에서 꼭 명심할 것은 무엇입니까?,"고혈압을 치료하는 목적은 한마디로 사망률을 떨어뜨리는 데 있습니다. 혈압이 지속적으로 높으면 동맥혈관에 경화를 일으키고 이로 인해서 뇌졸중·협심증 및 심근경색증·심부전 그리고 신부전 등을 일으킵니다. 그러나, 고혈압을 철저히 치료해서 혈압을 정상으로 유지하면 이러한 합병증으로 인한 사망률이 55%에서 18%로 감소한다고 합니다. 또한, 아무리 심하고 오래된 말기의 고혈압 환자라도 적극적인 치료를 하게 되면 상당히 좋은 효과를 얻을 수 있습니다. 고혈압 치료를 시작하기 전에 꼭 필요한 것은 환자와 가족들에게 고혈압에 대한 것과 치료를 적절히 받으면 치명적인 합병증을 사전에 예방할 수 있다는 점과 중요한 것은 일생 동안 치료해야 된다는 사실입니다. 고혈압 환자는 대개 자신이 고혈압이라는 사실을 처음 알았을 때는 얼마 동안 모든 환자들이 치료를 계속하지만, 곧 의식적으로 또 무의식적으로 포기하는 예가 많습니다. 미국의 통계에 의하면 전체 고혈압 환자 중 치료해서 정상 혈압을 유지하고 있는 환자가 38%, 치료 하고 있지만 아직 혈압이 높은 환자가 16%, 고혈압인 줄 알면서도 치료하지 않고 있는 환자가 21%, 자신이 고혈압인 줄도 모르는 사람이 25%라고 합니다. 우리나라에서는 이보다 훨씬 뒤지고 있으므로 말할 것도 없습니다. 따라서, 고혈압은 조기 발견해서 일생 동안 꾸준히 치료해 정상 혈압을 유지하는 것이 매우 중요한 일입니다.",http://www.acdm.or.kr/bbs/505.php?&fm_id=2&page=13,한국만성질환관리협회
당뇨병,췌장의 무게는 얼마나 됩니까?,350~450g 정도입니다.,http://www.acdm.or.kr/bbs/505.php?fm_id=5,한국만성질환관리협회
당뇨병,췌장의 길이는 얼마나 됩니까?,12~18㎝ 정도입니다.,http://www.acdm.or.kr/bbs/505.php?fm_id=5,한국만성질환관리협회
당뇨병,당뇨병이란 어떤 병입니까?,"음식물을 섭취하여 위장관에서 흡수된 영양분은 일단 혈액 내에 모였다가 다시 여러 조직의 세포 속으로 이동하여 들어가 대사 작용의 원료로서 이용되게 되어 있습니다. 혈액 내에 모인 포도당은 반디스 인슐린이라는 호르몬의 도움을 받아야 세포 내로 이동되어 갈 수 있게 되는데 만약 인슐린이 없거나, 인슐린이 있어도 인슐린의 작용이 순조롭게 되지 않으면 결국 혈액 속의 포도당은 세포 속으로 들어가지 못하고 이용되지도 못하며, 혈액 속에 축적되므로 정상인의 기준치보다 높은 고 혈당 상태가 초래됩니다. 이러한 고혈당 상태가 지속됨으로써 나타나는 여러 가지 증상 및 합병증을 당뇨병이라고 합니다.",http://www.acdm.or.kr/bbs/505.php?fm_id=6,한국만성질환관리협회
당뇨병,여기서 '당'이란 무엇입니까?,"포도당을 말하는데 우리가 주식으로 하는 쌀이나 보리의 기본 구성 성분이 되는 탄수화물이고, 이런 음식물을 먹었을 때 포도당으로 분해되어 우리 몸 속으로 흡수되어 들어가서 혈액 속에 돌아다니다가 소변으로 나오는 것입니다.",http://www.acdm.or.kr/bbs/505.php?fm_id=7,한국만성질환관리협회
당뇨병,혈당의 정상 수치는 얼마입니까?,보통 70~120㎎/㎗정도로 우리 체내의 중요한 에너지원입니다.,http://www.acdm.or.kr/bbs/505.php?fm_id=8,한국만성질환관리협회
당뇨병,당뇨병의 진단은 어떻게 합니까?,"혈액 속에 들어있는 포도당의 농도를 측정하여 기준치보다 높을 때 진단이 됩니다.즉, 공복 상태에서 채혈하여 혈청 내의 포도당 농도가 140㎎/㎗ 이상이거나, 공복시 농도에 관계없이 식후 2시간 치 또는 포도당 80그람을 먹고 2시간 후에 혈청 내의 포도당 농도가 200㎎/㎗ 이상이면 당뇨병으로 진단하게 됩니다.",http://www.acdm.or.kr/bbs/505.php?fm_id=9,한국만성질환관리협회
당뇨병,소변에서 당이 검출되면 당뇨병으로 진단해도 무방합니까?,"그렇지 않습니다. 일반적으로 혈당이 높아지면 소변에 당이 나오게 되지만, 혈당은 정상 수준인데도 요당이 검출될 수가 있습니다. 반면에 요당은 검출되지 않아도 당뇨병인 경우가 있습니다. 소변에 당이 검출되려면 혈당은 적어도 180㎎/㎗ 이상이어야 합니다. 그러나 공복혈당이 140㎎/㎗만 넘으면 당뇨병으로 진단하게 되므로, 조기 당뇨병 상태에서는 소변당이 검출되지 않을 수가 있습니다. 따라서 요당이 검출되면 당뇨병을 의심하고, 혈당 검사를 하여 기분치 보다 높은 고혈당을 확인하여야 진단이 됩니다. 그리고 소변은 생성된 소변이 방광 내에 수시간 동안 모였다가 나오는 것이므로 검사 당시의 혈당을 바로 나타내 주지 못합니다. 따라서 요당 검사는 당뇨병 진단 및 경과 판정에 제한된 부분적 의미를 가질 뿐이며, 언제나 혈당을 기준으로 진단하고 판정하여야 합니다.",http://www.acdm.or.kr/bbs/505.php?fm_id=10,한국만성질환관리협회
당뇨병,소변에서는 당이 나오지 않아도 혈액에서 나오는 경우가 있습니까?,"이것은 매우 구체적인 질문이 아닌가 싶군요. 일반적으로 소변에서 당이 나오게 되면 당뇨병이 아닌가 하는 의심을 갖고 혈액검사를 하게 됩니다. 혈액검사란 혈액 속에 있는 포도당의 양을 측정하는 일이지요. 그리고 혈액 속에 있는 포도당의 양이 정상인보다 훨씬 높은 결과가 나오면 당뇨병이란 의심이 매우 짙어집니다. 소변에서 당이 나올 정도로 혈당이 높아져 있고, 그 혈당은 정상인의 혈당보다 훨씬 높다는 점 등을 가지고 당뇨병이란 진단을 내리게 되는데, 반대로 혈당이 높기만 하면 소변에서 당이 나오지 않더라도 당뇨병이라 단정해도 좋은 가라는 질문이 나올 수 있다고 생각됩니다. 여기에서 소변에 당이 나오지 않더라도 당뇨병이란 진단을 내릴 수 있느냐의 여부는 매우 어려운 문제입니다. 당뇨병을 발견하는 실마리는 소변을 검사하여 당이 나왔을 경우 당뇨병이 아닐까 하고 의심을 갖기 때문에 이러한 의심의 요인도 없이 대뜸 혈당을 조사한다는 것은 매우 드문 예라 할 수 있습니다. 그러나 최근에는 종합진찰제도가 상당히 보급되었기 때문에 혈당 검사, 특히 포도당부하 시험이라는 것은 일반적인 방법이 되었고, 소변에서 당이 나오지 않아 도 시행하는 빈도가 점차 늘고 있습니다. 현재 소변에서 당이 나오지 않지만, 혈당이 당뇨병을 의심할리만큼 현저하게 높다면 즉, 당뇨병형(糖尿病型)인 혈당을 나타냈을 경우에는 [우선 당뇨야 어떻든 간에] 당뇨병에 대한 의심을 가져야 한다는 것이 상식으로 되어 있습니다. 일반적으로 혈당이 1백80㎎/㎗ 이상되면 소변에서 당이 나오기 마련입니다. 이것은 노령 자인 경우가 많은데, 혈당이 250 이상이라야 소변에 당이 나오는 수도 있습니다. 혈당이식 후 또는 포도당부하 시험 후에 250이상의 수치를 몇 시간 동안 유지하고 있다는 겄은 당뇨병이 아니고서는 매우 희귀한 일입니다. 그런 상태라면 먼저 당뇨병 상태를 의심합니다. 따라서 혈당이 포도당부하 시험 후 또는 식후에 몹시 높은 수치를 유지하고 있으면서 소변에 당이 나오지 않을 경우, 이것도 우선 당뇨병이라 단정해도 무방하리라 봅니다. 극단적인 경우, 인공신장(人 工腎臟) 등에서 소변이 전혀 나오지 않을 때도 당뇨병은 일어납니다. 그런 경우도 역시 갈증이 생기는 증세는 강하게 나타납니다. 혈당을 측정해보면 분명히 당뇨병이라 단정할 정도로 높아져 있는 경우도 있습니다.",http://www.acdm.or.kr/bbs/505.php?fm_id=11,한국만성질환관리협회
당뇨병,인슐린'이란 무엇입니까?,"인슐린이란 췌장의 베타세포에서 생성되어 분비되는 호르몬입니다. 정상인에서는 혈당이 상승되면 즉각적으로 인슐린이 분비되어 혈액 속의 포도당을 세포 내로 이동시켜 산화작용 등 세포 내 대사 작용을 촉진시키며 특히 섭취된 영양분을 간세포로 이동시켜서 당원 질의 형태로 저장하게 되며, 지방질의 분해를 억제하는 일을 하게 됩니다. 만약 인슐린이 없거나 작용이 제대로 되지 않으면 이러한 세포 내 영양분의 이동이나 저축이 되지 않으므로 서 혈당이 상승되어 당뇨병이 되 는 것입니다.",http://www.acdm.or.kr/bbs/505.php?fm_id=12,한국만성질환관리협회
당뇨병,"약년형 (제1형, 인슐린 의존형) 당뇨병의 원인은 무엇입니까?","인슐린을 생성하고 분비하는 췌장의 베타세포가 파괴되어 인슐린을 분비할 수 없는 상태를 소아형 당뇨병이라고 합니다. 베타세포가 파괴되는 원인은 아직 확실히 밝혀져 있지 않으나, 어떤 원인으로 베타세포를 공격하여 파괴시키는 자가항체가 몸 안에 생겨나므로 그 항체가 베타세포를 공격하는 것으로 되어 있습니다. 일부에서는 바이러스균이자가 항체 생성의 원인으로 증명되어 있습니다.",http://www.acdm.or.kr/bbs/505.php?fm_id=13,한국만성질환관리협회
당뇨병,"성인형(제2형, 인슐린비의존형) 당뇨병의 원인은 무엇입니까?","성인형 당뇨병의 원인은 한마디로 말하기 어렵습니다.성인형 당뇨병에서도 베타세포로부터의 인슐린 분비가 저하되어 있기도 하지만 분비보다는 작용이 잘 되지 않는 것이 더 중요한 원인이 됩니다. 인 슐린이 있어도 작용이 제대로 되지 않는 상태를 인슐린 저항성이라고 말합니다.인슐린저항성이 강하면 강할수록 혈당은 상승되고, 당뇨병이 더 심하게 나타나게 됩니다.",http://www.acdm.or.kr/bbs/505.php?fm_id=14,한국만성질환관리협회
당뇨병,인슐린 저항성 의 원인은 무엇입니까?,"비만·스트레스·약물 등 ‥‥, 아직 명확히 다 밝혀지지 않은 상태지만, 지금껏 밝혀진 것 중에서 제일 중요한 원인은 비만 증입니다.췌장에서 분비된 인슐린이 세포 내로 들어가 작용을 하려면 우선 세포 표면에 존재하는 수용체와 결합해야 하는데, 비만한 사람은 이 수용 체 숫자가 감소되어 있어서, 인슐린이 많이 있어도 인슐린의 효과가 감소됨으로써 저항성으로 나타나게 됩니다. 다음으로 여러 가지 형태의 스트레스가 저항성을 유발시키게 됩니다.스트레스를 받으면 여러 가지 스트레스 호르몬이 필요 이상으로 분비됨으로써, 인슐린의 분비가 제대로 되지 않도록 방해할 뿐만 아니라 인슐린 작용도 방해함으로써 인슐린 저항성을 유발하게 됩니다. 그 밖에 어떤 약물들은 혈당을 높히거나 인슐린의 작용을 방해함으로써 인슐린 저항성을 일으키게 됩니다. 따라서 비만증을 피하고 약물 복용에서 신중을 기하며, 스트레스를 피하거나 잘 해소하는 것은 당뇨병을 예방하거나 치료하는 데 매우 중요한 기본 요건이 되겠습니다.",http://www.acdm.or.kr/bbs/505.php?fm_id=15,한국만성질환관리협회
당뇨병,당뇨병의 초기에는 자각증상이 없다고 하는데 증세는 어떻게 진행하는 것일까요?,"당뇨병에는 두 가지가 있습니다. 첫째는 약년형 당뇨병이라고 하는 것이 있는데, 이 경우는 발병했을 때부터 두렷한 자각증상이 일어납니다. 돌연히 어느 날 갈증이 생기든가, 소변이 많아진다든가 살이 빠진다든가 합니다. 그러나 성인형 당뇨병일 경우, 발병 초기에 자각증상이 거의 없는 것이 통례입니다. 그리고 질환이 무거워짐에 따라 점차 증세가 나타납니다. 그러므로 아직 자각증상이 없을 때 당뇨병을 발견, 이에 알맞는 치료를 시작하면서 의사의 지시를 어김없이 지킨다면 자각증상이 없는 사태로 써 몇 해를 보낼 수 있습니다. 초기엔 자각증상이 없더라도 점차 자각증상이 나타나게 된다는 것은 조기 발견이 늦어져 치료를 하지 않고 있는 동안에 당뇨병의 정도가 심해졌다는 것을 뜻하는 것입니다. 당뇨병 환자가 적당하지 않은 생활태도를 취하고 있기 때문에 증세가 진행되는 것이라 할 수 있습니다.",http://www.acdm.or.kr/bbs/505.php?fm_id=16,한국만성질환관리협회
당뇨병,당뇨병의 증상으로는 어떤 것이 있습니까?,"가장 흔한 증상은 소변을 자주 많이 보게 되고 물을 많이 마시며, 음식을 많이 먹게 되는 것입니다. 혈당이 180㎎/㎗ 이상되면, 혈중의 포도당은 소변으로 빠져나오게 되는데 이때 많은 양의 물이 함께 빠져나오기 때문에 체내에는 물이 부족한 상태가 됩니다. 물을 많이 마시게 되는 것은 소변으로 포도당과 함께 소실된 물을 보충하려는 일종의 보상작용인 것입니다. 따라서 당뇨병 환자가 갈증을 느낀다는 것은 혈당이 높아 물이 소변으로 빠져나가고 있다는 증거이며, 갈증이 있을 때에는 물을 섭취하여, 탈수현상에 들어가지 않도록 하여야 합니다. 음식을 많이 먹는 것은 섭취한 영양소가 세포 내에서 잘 이용되지 못함으로써 세포 내에서 잘 이용되지 못함으로써 세포 내에는 영양결핍 상태가 되어, 대뇌의 만복감을 감지하고 조절하는 중추에서는 공복감을 느끼게 됨으로 계속 음식을 먹고 싶어지게 됩니다. 그 밖에도 피로감, 감염증, 가려움, 신경통, 시력장애 등이 있으며 때로는 자각증상이 거의 없는 사람도 있습니다.",http://www.acdm.or.kr/bbs/505.php?fm_id=17,한국만성질환관리협회
당뇨병,소아의 당뇨병과 성인의 당뇨병은 다른 점이 있습니까?,"일반적으로 15세 안에 일어나는 당뇨병인 경우에는 약년형 당뇨병이 많고, 40세 이후 일어나는 당뇨병에는 성인형 당뇨병이 많다고 할 수 있습니다. 따라서 소아의 당뇨병인 경우에는 우선 약년형이라 생각하고 인슐린 주사를 중심으로 하는 치료에 의해, 그리고 특히 비만 형성인에게 일어나는 당뇨병인 경우에는 성인형 당뇨병이라 간주, 식사요법을 중심으로 한 치료에 의해 대처하는 것이 필요합니다. 본질적으론 소아의 당뇨병이나 성인의 당뇨병이 다를 바 없기 때문에 인슐린 부족에 적응한 치료법을 원칙으로 합니다.과식 때문에 뚱보가 되고, 당뇨병 상태가 악화된 것이라면 먼저 비만증부터 없애도록 식사를 충분히 제한함으로써 인슐린 부족을 보충하고, 약년형 당뇨병과 같이 식사요법으론 인슐린 부족을 보충할 수가 없는 당뇨병일 경우에는 그 부족된 인슐린을 밖에서 주사로 투여하는 치료법을 시행하는 것입니다. 약년형 당뇨병이든, 성인병 당뇨병이든 치료하는 방법 그 자체는 다를 바 없습니다만 치료하는 수단에 차이가 있게 됩니다 .그런 점에서 소아의 당뇨병과 성인의 당뇨병은 다른 점이 있다고나 할까요. 또한 넓은 뜻에서 치료법의 차이를 말한다면 성인의 경우와 소아의 경우에서는 환자의 연령과의식 등에 많은 차가 있다는 것을 고려할 필요가 있습니다.즉, 소아인 경우, 이제부터 당뇨병을 지닌 인생이라는 테두리 안에서 취학·취직·결혼·육아 등 여러 문제와 맞서지 않으면 안 됩니다.이 미 취직을 하고 있고 아이도 갖고 있는 어른과는 이런 면에선 전혀 다르다고 할 수 있지요. 그리고 또 유아일경 우에는 자신이 질병에 걸려 있다는 인식조차 갖고 있지 않습니다. 소아 당뇨병인 경우, 이제부터 가장 민감하게 되기 쉬운 사춘기를 겪지 않으면 안 되는 것입니다.이미 자기 혼자만으론 도저히 감당할 수 없는 문제가 소아당뇨병의 경우 연달아 일어날 것이라고 각오하지 않으면 안 됩니다. 그들에 대한 사회 전체의 따뜻한 이해라든가 힘을 복돋아주는 일이 꼭 필요하다고 할 수 있습니다.",http://www.acdm.or.kr/bbs/505.php?fm_id=18,한국만성질환관리협회
당뇨병,인슐린 주사를 맞기 시작하면 평생 동안 맞아야 합니까?,"반드시 그렇지는 않으며 환자의 조건에 따라서 다릅니다.성인형 당뇨병 환자가 인슐린 처방을 받는 경우는 크게 두 가지 경우가 있습니다. 첫째는 경구혈당강하제로 혈당 조절에 실패한 경우인데, 이 경우는 더 이상 환자 자신으로부터의 인슐린 분비가 충분하지 못한 상태로서 평생 동안 인슐린 주사를 맞아야 합니다.대개 당뇨병이 발생된 지 오래된 환자들이 이에 해당됩니다.다음은 자체의 인슐린 분비는 아직 충분하지만 인슐린 저항성이 강하여 자체의 인슐린 분비만으로는 충분 하지 못해 일시적인 지원 형태를 인슐린이 요구되는 경우로서, 이런 경우에는 인슐린 저항성이 완화되거나 해소되면 더 이상 인슐린 주사가 필요 없고 경구혈당강하제나 식사요법만으로 혈당조절이 가능하게 됩니다. 감염이 되었거나 큰 상처를 입은 경우와 수술을 받게 될 때에는 일시적으로 인슐린을 주사해야 하며, 어떠한 경우라도 혈당을 신속히 저하시켜야 할 필요성이 있으면 인슐린을 사용하는 것이 효과적입니다.",http://www.acdm.or.kr/bbs/505.php?&fm_id=5&page=2,한국만성질환관리협회
당뇨병,인슐린요법은 자택에서도 할 수 있는지요?,"물론 인슐린요법은 자택에서 할 수 있습니다. 할 수 있다기보다 반드시 자택에서 답) 물론 인슐린요법은 자택에서 할 수 있습니다. 할 수 있다기보다 반드시 자택에서 쉬어서는 안 될, 때로는 하루에도 아침과 낮, 저녁, 세 번 주사를 맞지 않으면 알될 경우가 있기 때문입니다.만일 인슐린요법을 하루라도 쉰다면, 그대로 당뇨병성 혼수에 빠지고 마는 것이 바로 약년형 당뇨병입니다. 모든 의료행위를 의사만이 할 수 있도록 법에서 규정한 것도 타당한 것이긴 하나, 인슐린요법 은환자 자신이 할 수 있도록 길을 터주는 것도 필요하지 않을까 생각됩니다. 아무런 지식도 없으면서 인슐린 주사를 환자 자신이 놓는다는 것은 적지 않은 위험이 따르기 때문에 물론 의사가 허가할까닭이 없습니다. 그리고 또 아무런 사전 지식 없이 인슐린요법을 환자가 제멋대로 한다면 법으로 문책을 당해도 어쩔 수 없는 것이겠지요. 그러기 때문에 충분한 지식을 갖고 의사와 간호사로부터 상세한 방법을 익힌 다음, 비로소 인슐린요법은 자택에서도 가능하게 되는 것입니다. 하 지만 이에는 많은 어려운 문제가 따르리라 생각됩니다.",http://www.acdm.or.kr/bbs/505.php?&fm_id=5&page=3,한국만성질환관리협회
당뇨병,몸이 아파서 식사를 제대로 할 수 없을 때는 인슐린이나 경구혈당강하제 투여를 하지 않아도 됩니까?,"절대로 투약을 중단하면 안 됩니다. 몸이 아프면 스트레스 호르몬의 작용으로 인슐린의 효과가 저하되며, 간에서 포도당을 더 많이 만들어냄으로 혈당이 급격히 상승됩니다. 따라서 평소 사용하던 약제를 계속해야 하며, 정상적인 식사가 되지 않으면 당분이 포함된 음료수나 수분 섭취를 충분히 해야 하며, 미음이나 죽으로 소량씩 자주 섭취해 보고, 계속 회복되지 않으면 의사와 상의하여 포도당 주사를 맞아야 합니다.",http://www.acdm.or.kr/bbs/505.php?&fm_id=5&page=4,한국만성질환관리협회
당뇨병,저혈당증이란 무엇이며 왜 나타나게 됩니까?,"혈당이 50㎎/㎗이 하로저하되었을 때 나타나는 증상을 말합니다.식은땀이 나고 손발이 떨리고 현기증이나 흥분, 불안감이 오며, 가슴이 빨리 뛰고, 공복감이나 두통, 전신무력 상태가 오며, 심하면 경련을 하거나 혼수상태에 들어가게 됩니다. 원인은 인슐린이나 경구혈당강하제의 용량이 많은 경우, 약용량은 적당해도 식사량이 적거나 식사시간이 지체될 경우가 제일 많으며, 식사나 투약이 모두 적당해도 평소보다 운동량이 많으면 볼 수 있습니다. 공복시의 과다한 음주도 저혈당을 초래합니다. 저혈당증이 발생되면 신속히 당분이 함유된 음료수나 사탕을 먹어야 하며, 의식이 없는 경우에는 절대로 입으로 먹이지 말고 포도당 주사를 주입해야 합니다. 약물치료 중인 당뇨병 환자는 만약의 사태에 대비하여 늘 사탕을 소지하고 다녀야 하며, 혼수상태에서 주변의 도움을 받을 수 있도록 당뇨병 환자임을 표시하는 증표를 소지하는 것이 필요합니다.",http://www.acdm.or.kr/bbs/505.php?&fm_id=5&page=5,한국만성질환관리협회
당뇨병,젊고 몸이 말랐더라도 당뇨병에 걸리는 수가 있는지요?,"약년형 당뇨병이란 것은 성인형 당뇨병과 달라별 안 간에 나타나는 당뇨병입니다만, 이 약년형 당뇨병은 도리어 젊고 깡마른 사람에게서 일어납니다. 우리나라 당뇨병의 약 5% 정도는 이 약년형 당뇨병이 아닌가 추측되고 있습니다. 성 인형 당뇨병이란 것은 원래 40세 이상 인 사람, 특히 비만인 사람에게 일어나는 경우가 많습니다만 젊은 사람, 가령 어린 아이에게 이성 인형 당뇨병이 일어나는 케이스도 결코 드물지 않습니다. 그리고 또 때로는 젊은 사람이거나 깡말랐 더라도 성인형 당뇨병이 일어납니다. 특히, 유전적인 경향이 강한 사람, 양친 혹은 한쪽 어버이에게 당뇨병이 있는 젊은 사람은 젊었을 때부터, 또한 그다지 뚱보가 아니더라도 성인형 당뇨병이 모르는 사이에 일어나는 경우가 적지 않습니다. 그렇기 때문에 젊고 깡말랐다고 해서 당뇨병이 일어나지 않을 거라곤 말할 수 없습니다.",http://www.acdm.or.kr/bbs/505.php?&fm_id=5&page=6,한국만성질환관리협회
당뇨병,요사히 젊은 사람에게 당뇨병이 늘어나고 있다는데 사실입니까?,"원인은 아마 식생활의 서구 화일 것입니다.뚱뚱한 고교생 중에서 공복시의 혈당치가 300㎎/㎗이나 되는 사람이 있습니다. 그런데, 이런 경우는 식사요법이 썩 잘 맞으면 1~2주일에 정상치로 돌아갑니다. 비만인의 고혈당은 조금도 두려워할 것이 없습니다. 저희는 이런 젊은이들에게 '식사요법을 지키면 반드시 나으니까 노력하라'고 말하고 있습니다.",http://www.acdm.or.kr/bbs/505.php?&fm_id=5&page=7,한국만성질환관리협회
당뇨병,당뇨병 환자에게 반드시 식사요법이 필요한 이유는 무엇입니까?,"당뇨병 환자는 식사 후에도 반드시 혈당이 상승되는데, 식사의 양과 종류를 조절하식 후 혈당 상승의 폭을 낮출 수 있습니다. 또한 저혈당을 방지하며, 섭취 열량의 조절로 표준 체중을 유지할 수 있고 지질대사를 정상화시켜 동맥경화증을 예방하기 위하여 반드시 식사요법을 지켜야 합니다.",http://www.acdm.or.kr/bbs/505.php?&fm_id=5&page=8,한국만성질환관리협회
당뇨병,"이상 체중, 또는 표준 체중이란 무엇입니까?","당뇨병 치료를 해 나갈 때, 환자는 현재 체중이 얼마 또 이상 체중이 얼마라는 것을 알아둘 필요가 있습니다. 식사요법에 따라 치료할 때 체중이 목표 체중, 즉 이상 체중에 접근해 가고 있는 가의 여부는 극히 중요한 문제이기 때문입니다. 특히 뚱보일 경우, 이상 체중을 과녁 삼아 식사요법을 지속해야 한다는 것은 당뇨병 치료의 근본이라 할 만큼 중요한 것입니다. 당뇨병은 인슐린 작용의 부족에 의해 일으키는 질병이지만, 이 인슐린은 음식의 섭취량과 체중에 따라 좌우되기 마련 입니다.뚱보라면 뚱보가 되어 있는 만큼 인슐린을 필요로 한다는 것은 자명한 일입니다. 체중을 감소시켜 꼭 알맞은 체중으로만듦으로써 필요한 인슐린 양을 감소시켜 나간다는 것은 치료의 목적에 부합되는 매우 중요한 일입니다. 표준체중이란 성별, 신장별 평균 체중을 말합니다. 이것은 바야흐로 성장이 멎고, 아직 뚱보가 되기 전의 체중인 것입니다.이 정상인의 표준 체중을 가지고 이상 체중을 생각한다는 것은, 설정하기 쉬운 하나의 목표라 할 수 있습니다. 아무리 표 중체중이라 할지라도 각 사람의 골격과 근육의 발달상태에 따라 체중은 크게 달라지기 때문에, 신장이 같다고 해서 이 표준체중을 일률적으로만인의 이상 체중이라고 할 수는 없습니다.",http://www.acdm.or.kr/bbs/505.php?&fm_id=5&page=9,한국만성질환관리협회
당뇨병,표준 체중의 계산은 어떻게 합니까?,표준 체중(㎏)=[키(㎝)-100]X0.9입니다.,http://www.acdm.or.kr/bbs/505.php?&fm_id=5&page=10,한국만성질환관리협회
당뇨병,섬유소가 많이 함유된 음식물이 당뇨병 조절에 유익한 이유는 무엇입니까?,"고섬유 소식품은 위장에서 소화되어 소장으로 내려가는 데 시간이 오래 걸리므로 포만감을 주게 되며, 장으로부터의 흡수시간이 지연됨으로써 혈당이 서서히 완만하게 상승되기 때문에 유익합니다.",http://www.acdm.or.kr/bbs/505.php?&fm_id=5&page=11,한국만성질환관리협회
당뇨병,식품교환표란 무엇입니까?,"식품들을 서로 비슷한 영양가를 함유한 식품끼리 구분하여 같은 식품 안에서는 서로 다른 식품끼리 바꾸어 섭취할 수 있도록 구분하여 놓은 표입니다. 예를 들면, 쌀밥 1/3 공기와 보리밥 1/3 공기, 삶은 국수 1/2공기는 종류는 달라도 모두 100칼로리의 열량을 내는 1단위 식품으로 개인의 기호에 따라서 바꾸어 먹을 수 있는 것입니다.",http://www.acdm.or.kr/bbs/505.php?&fm_id=5&page=12,한국만성질환관리협회
당뇨병,식품교환표에 대하여 좀 더 상세히 말씀해 주십시요.,"식품교환표는 앞에서 말씀드렸듯이 '당뇨병 치료를 위한 식품교환표'입니다.자유로히그 범위 안에서 바꿀 수가 있는 식품들을 모아서 하나의 표를 만든 것이기 때문에 교환표란 이름이 붙은 겁니다. 이 식품교환표는 4가지 영양소별로 구별되며, 1군에서 6군이 여기에 각각 배정됩니다.①당질에는 3군인 '과일교환' ② 단백질에는 5군인 '육류 교환' ③지질에는 6군인 '유지교환' 그리고 ④비타민·미네랄에는 2군인 '채소 교환' A·B가 각각 특유의 영 양소를 공급하게 됩니다. 1군 : 우유 교환은 우유를 주로 하는 유제품으로 1단위 영양가는 130㎈입니다. 2군 : 채소 교환은 당질 5% 이하를 A군, 5% 이상을 B군이라고 하며, 1단위 영양가는 A군 :20㎈, B군 : 35㎈입니다. 3군: 과일교환은 1단위가 40㎈입니다. 4군 : 곡류교환은 1단위 영양가가 70㎈입니다. 5군 : 육류 교환은 A군(저지방)과 B군(중등지방)으로 분리되는데, A군이 45㎈, B군이 75㎈입 니다. 끝으로 버터·동식물 기름으로 구성되는 6군: 유지 교환은 1단위 영양가가 45㎈로 구성되어 있습니다. 당뇨인이 섭취할지 시칼로리에 따라 각 영양가의 단위 수가 달라지는데, 표준식으로 계산할 때 1,000 칼로리면 19단위 1,700칼로리면 30단위, 2,500칼로리면 44단위 정도가 바람직합니다.",http://www.acdm.or.kr/bbs/505.php?&fm_id=5&page=13,한국만성질환관리협회
당뇨병,당뇨병은 식사요법이 중요하다고 들었는데 식사요법의 원칙은 무엇입니까?,"당뇨병이란 질병은 인슐린 작용의 부족으로 인해 야기됩니다.인슐린은 식사할 때에 섭취한 영양분을 몸 안에서 무난하게 대사시키는 데 필요한 호르몬입니다. 식사를 하게 되면 그 양에 따라 인슐린이란 호르몬이 필요하게 되므로 식사요법은 당뇨병 치료의 기초가 됩니다.이 식사요법을 엄격하게 지킴으로서 당뇨병 상태를 개선시키는 것입니다만 그런 경우 의 원칙에는 두 가지가 있습니다. 하나는 그 환자가 정신적으로 일을 해나가기 위해 필요한, 그러면서 가장 낮은 칼로리가아 니면 안 된다는 겁니다. 필요량은 충분히 채우지 않으면 안 됩니다. 그리고 그 필요량에서 가장 적은 칼로리가 아니면 안 된다는 것입니다. 또 하나는, 음식물 속에 함유된 각 영양소는 균형이 잡혀 있어야 합니다. 바꾸어 말하면 당질·단백질·지방 또는 비타민·미네랄 등이 최저 필요량만큼 충족되어 있어야 한다는 것입니다. 또한 이밖에도 식사시간에 대해 충분히 배려하고, 현재의 체중과 목표 체중을 비교해서 이상 체중에 점차 접근해 가도록 노력하는 방향의 식사요법이 어야 합니다. 한 끼의 식사 중에도 영양소의 배부노가 칼로리의 배분을 충분히 고려하지 않으면 않됩니다.",http://www.acdm.or.kr/bbs/505.php?&fm_id=5&page=14,한국만성질환관리협회
당뇨병,당뇨병의 합병증들에는 어떤 것들이 있습니까?,"당뇨병은 성인병의 백화점이라고 비유되듯 여러 가지 성인병이 수반되는 합병증을 유발합니다. 위에서부터 찾아보자면 우선 뇌졸중·고혈압·망막증·심근경색·동맥경화증·간 기능 장애·괴저·신우신염·신부전 증‥‥ 등 헤아릴 수 없이 많습니다. 그런데 그렇게 많은 합병 증 가운데서 특히 혈관 장애에 기인하는 것이 가장 많고 도심각합니다. 죽지 않고 살아있는 다 해도 중풍으로 거동이 불편하거나, 실명(失明) 또는 심장·간장·신장 등의 장애와 심징는 괴저 로하지를 절단하는 불운을 겪게 됩니다.",http://www.acdm.or.kr/bbs/505.php?&fm_id=5&page=15,한국만성질환관리협회
당뇨병,EPA와 당뇨병의 합병증 예방과의 관계는?,"당뇨병의 합병 증 가운데서도망막증으로 인한 실명만큼 처절한 불행은 없을 것입니다. 이것은 눈의 망막에 분포된 세소혈관이 동맥경화증으로 혈관이 터져서 출혈이 있거나 또는 막혀서 망막의 기능이 마비되는 것이 원인입니다. 발가락이나 발바닥에서부터 시커멓게 썩어오르는 괴저도 심각한 합병증인 것입니다. 당장에 처절하지는 않다 해도 결국은 생명을 앗아가게 될 심근경색, 뇌졸중, 간장장애, 신장장애 등도 관심 밖에 둘 수 없는 심각한 합병증입니다. 합병증 이라고는 할 수 없지만, 세소 혈관 장애는 인슐린을 분비하는 췌장의 랑겔한 스섬이나 베타세포의 조직에 미치지 말라는 법은 없는 것입니다. 그렇다고 보면 동맥경화를 예방하고 혈류를 좋게 하는 작용이 있는 영양물질인 EPA야말로 당뇨병 상태의 개선과 혈관 장애로 인한 합병증의 예방에 중요한 것임을 알 수 있습니다.",http://www.acdm.or.kr/bbs/505.php?&fm_id=5&page=16,한국만성질환관리협회
당뇨병,EPA와 혈액순환 개선과의 관계는?,"EPA는 혈액을 맑게 합니다. 혈액 중에 콜레스테롤, 중성지방, 혈정의 덩어리 등이 있으며 자연히 혈액은 끈적거리며 순환이 나쁘게 됩니다. EPA는 이러한 부정적 조건을 개선시키는 기능이 있으므로 혈액순환을 촉진시킵니다. EPA는 동맥경화증을 유발하는 LDL형 콜레스테롤을 혈액 내에서 쫒아버립니다. 그리고 반면에 동맥경화의 진행을 막고 LDL형 콜레스테롤이 나쁜 짓을 못하게끔 조정하는 작용이 있으므로 동맥경화를 막아 세소 혈관의 병변을 예방하게 됩 니다. EPA는 인슐린 생산공장으로 통하는 혈액순환로에 대해서도 방심하지 않습니다.베타세포로의 인슐린 원료의 수송, 그리고 베타세포로 인슐린의 분비 작용 등을 모두 원활하게 하는데 도움을 줍니다.뿐만 아니라 EPA는 인슐린이 작용하는 전신의 세포에 이르는 순환로에 대해서도 혈류장애를 예방하는데 민감하므로 당뇨병의 대책과 예방에 대해서는 좋은 영양성분이 될 것이 틀림없습니다.",http://www.acdm.or.kr/bbs/505.php?&fm_id=5&page=3,한국만성질환관리협회
당뇨병,당뇨병에 걸리면 임포텐스가 되는지요?,"그렇습니다. 그보다도 엄밀히 말한다면, 당뇨병에 걸려 임포텐스가 된 사람도 있다고 답하는 편이 옳을지 모릅니다. 사실상 일반적으로 볼 때, 중증인 약년형 당뇨병에 걸려 한때 임포 텐스가 됐던 청년이 인슐린으로 엄격한 치료를 받음으로써 임포텐스가 나아, 연달아 자녀를 낳은 예도 있습니다. 당뇨병 상태가 극히 악화, 당뇨병성 혼수가 가까워졌을 때는 성욕도 일지 않고 임포텐스가 되기도 할 것입니다. 그러나 그와 같이 심한 당뇨병이 아니고 비교적 가벼운데도 임포텐 스가 되는 수가 있습니다. 크게 나누어 두 가지 종류가 있다고 합니다. 하나는 당뇨병에 걸렸다는 정신적인 스트레스나 또는 암시로 인해 일어난 임포 텐스인데, 이와 같은 임포텐스는 당뇨병을 엄격하게 치료만 하면 보통 사람과 조금도 다를 바 없는 생활을 영위할 수 있다는 것을 반복적으로 자신에게 납득시킴으로써 회복시킬 수가 있습니다. 또 하나의 임포텐스는 신경장해로 인한 것입니다. 당뇨병은 합병증의 하나로 신경장해를 일으킵니다만, 그 하나는 주로 내장에 분포되 어있는 신경, 즉 자율신경에 장해를 일으킵니다.이자율신경에 문제가 생기면 발기작용을 맡고 있는 자율신경의 기능도 저하되어 이에 따라 임포텐스가 될 경우에는 소변이고여도뇨의가 일어나지 않거나, 배뇨시 방광을 충분히 수축시키지 못하는 등 방광을 중심으로 한 운동장해, 또는 지각장해 가 동시에 일어나기도 합니다.아무튼 이와 같은 신경장해는 당뇨병에 걸린 초기부터 엄격한 치료를 받을 경우 적게 나타난다고 합니다.",http://www.acdm.or.kr/bbs/505.php?&fm_id=5&page=4,한국만성질환관리협회
당뇨병,당뇨병을 조기 발견하는 비결은 무엇인가요?,"가족 중에 당뇨병 환자가 있는 가정에서는 아이까지 포함해서 매년 한 번씩 검사(혈당 및 뇨당)를 받도록 합니다.가족 중에 당뇨병이 없더라도 40세를 넘으면 반드시 매년 한 번씩 혈당검사를 받도록 해야 합니다. 현재는 당뇨병 증세가 없더라도 체중 변동이 심한 사람, 거대아를 분만한 적이 있는 사람, 피로하기 쉬운 사람은 한번쯤 검사(뇨·혈당)를 받도록 해야 합니다.",http://www.acdm.or.kr/bbs/505.php?&fm_id=5&page=5,한국만성질환관리협회
당뇨병,최근 당뇨병이 발견됐습니다. 앞으로 어떤 치료법을 시행하는 것이 가장 효과적일까요?,"우선 당뇨병인 것이 확인됐을 때는 합병증의 정도가 어떤가, 앞으로의 치료방법은 어떻게 하는 것이 좋은가를 확정하기 위해 검사설비가 갖춰진 병원에서 전신에 대한 검사를 세밀하게 받을 필요가 있습니다. 특히 이때 주의하지 않으면 안 될 사항은 흉부의 X레이 촬영, 심전도 검사, 안저검사에 대해서입니다. 그 다음엔 인근 병원에서 정기적으로 지도를 받으면서 혈압·체중·일상생활의 주의 등에 관해 1개월에 적어도 2회 정도 진찰·치료를 받아야 합니다. 또한 1년에 적어 도 1회, 합병증이 진행되어 있으면 더욱 빈 회로 여러 가지 검사를 할 수 있는 곳에서 정확한 검사 데이터를 갖추어 둘 필요가 있습니다.",http://www.acdm.or.kr/bbs/505.php?&fm_id=5&page=6,한국만성질환관리협회
당뇨병,당뇨병은 식사요법만으로도 치유될 수 있습니까?,"당뇨병은 원래 근치되는 질병이 아닙니다. 그러나 정상인과 같은 상태로 회복시킬 수가 있습니다. 대부분의 당뇨병은 식사요법으로 콘트롤할 수 있는 즉, 식사요법을 지키고 있기만 하면 치유된 상태를 유지해 나갈 수 있는 질병인 것입니다. 그렇다고 모든 당뇨병이 식사요법만으로도 완전히 정상화된 상태를 유지할 수 있느냐 하면 그렇지는 않습니다.가령 약년형 당뇨병일 경우, 식사요법만으론 절대로 치유된 상태를 유지할 수 없습니다. 이런 경우에는 인슐린 주사를 투입 하면서 식사요법을 지켜야만 치유된 상태를 유지할 수가 있게 됩니다.성인형 당뇨병일 경우는 그 태반은 엄격히 식사요법을 시행할 때 치유된 상태를 유지할 수 있습니다. 그러나 아무리 식사를 엄격하게 한다 하더라도 그것만으로 혈당이 괘 높고 소변에서도 상당히 많은 당이 나오는 경우가 없지 않습니다. 특히 감염증이라든가 간장질환이라든가 또는 신장질환 등 다른 합병증을 가지고 있을 경우에는 그들 합병증을 치료하기 위해, 막상 성인형 당뇨병일지라도 인슐린을 필요로 하는 수가 있습니다. 그리고 또 성인형 당뇨병에서는 경구혈당강하제가 꽤 효과적이지만, 이 혈당강하제를 쓸 수 없는 상태, 갈여합병증이 있다든가, 부작용이 나타난 다든가 할 경우에는 성인형 당뇨병이라 할지라도 인슐린 주사가 필요하게 됩니다.인슐린 주사를 투여하지 않고는 식사요법만으로 치유된 상태를 유지할 수 없다는 것입니다.이와 같은 당뇨병에 비해 매우 비만 상태인 당뇨병 환자가 있습니다. 이런 경우는 특별한 합병증이 없는 한 식사요법만으로 거의 치유된 상태가 됩니다.물론 그 치유된 상태에서 다시 식사요법을 지키지 않아 뚱보가 되면 당뇨병도 다시 악화되지만 적어도 비만형 당뇨병의 경우에는 막상 혈당치가 꽤 높다 하더라도, 가령 공복시의 혈당이 300㎎/㎗ 이상일지라도 '당신이 이제부터 엄격히 식사요법만 지킨다면 그것만으로 넉넉히 치유된 상태가 됩니다'라고 말할 수 있는 것은 거의 확실합니다.",http://www.acdm.or.kr/bbs/505.php?&fm_id=5&page=7,한국만성질환관리협회
당뇨병,알코올은 절대로 마셔선 안 되는 것일까요?,"알코올은 반드시 의사의 지시를 받아 결정해야 합니다. 일반적으로 심장 또는 혈관에 장해가 있는 사람은 알코올은 절대 금물이니까요. 그러나 마시면 안 된다는 이유가 없는 분에 대해선 어느 정도 마셔야 좋으냐 하는 것이 문제됩니다. ① 알코올은 간경변 의 원인이 될 수도 있습니다. 그렇지 않더라도 당뇨병인 경우, 간장이 나쁜 사람이 많습니다. 플러스 알코올은 피해야 마땅하리라 생각합니다. ② 알코올은 중성지방을 증가 시킵니다. 혈중의 중성지방은 콜레스테롤 과 함께 동맥경화에 크게 작용하는 것으로 추측되고 있는데, 알코올은 이중성 지방과 관계가 깊은 것입니다. ③경구혈당강하제와 알코올을 먹으면 여러 가지 장해가 일어납니다.가령 설퍼닐 요소제의 경우, 알코올의 급성중독이 일어나고, 또 심한 저혈당이야기됩니다. 그리고 과거에 쓰던 비구아나이트제와 함께 알코올을 마시면 유산산 혈증이라는 혼수를 일으키는 경우가 있습니다.",http://www.acdm.or.kr/bbs/505.php?&fm_id=5&page=8,한국만성질환관리협회
당뇨병,운동요법은 왜 필요한 것일까요?,"가장 큰 중요성은 운동함으로써 활력을 유지할 수 있다는 데 있습니다. 운동요법이라 해서 조금도 특별한 것은 아닙니다. 일상적인 일을 규칠적으로 시행하고 가급적 몸을 움직일 수 있는 일을 한다는 것이 곧 운동 요볍이라 생각해도 무방합니다. 당뇨병이 발병하기 전, 운동량이 매우 적었던 사람은 당뇨병에 걸린 것을 계기로 무엇한 가지라도 매일 운동을, 가령 맨손 체조를 한다든가, 지금까지 차를 타고 가던 코스를 도보로 통근한다든가, 하는 식으로 몸을 적극적으로 움직이도록 노력하는 것이 필요합니다. 운동요법을 함으로써 근육이 발달하게 되는데, 그것은 곧 당뇨병의 치료 목표, 즉 인슐린의 작용을 증가시키는 데 크게 도움을 주는 것입니디. 그리고 혈당은 식후에 강하게 상승하기 마련인데, 조금만 더 혈당이 내려갔으면 좋겠다고 할 때, 가벼운 운동을 하게 되면 혈당이 잘 콘트롤된다는 것을 알아야 합니다.",http://www.acdm.or.kr/bbs/505.php?&fm_id=5&page=9,한국만성질환관리협회
당뇨병,당뇨병은 유전입니까?,"당뇨병이라는 질병 그 자체, 즉 소변에서 당이 나오고 혈량이 높아지며 조갈증이나고 요량이 많아지는 등은 유전하지 않지만, 당뇨병에 걸리기 쉬운 소질은 유전하는 것으로 알려져 있습니다. 당뇨병을 쉽게 일으킬 수 있는 유전을 가진 사람, 어느 만큼만일으킬 수 있는 유전자를 가진 사람, 또는 당뇨병을 일으키기 어려운 유전자를 갖고 있는 사람, 이와 같이 인간은 다양하게 선천적인 소질을 갖고 태어난다는 것을 알 수 있습니다. 따라서, 당뇨병은 유전하느냐고 묻는 경우,  당뇨병 소질이 유전하는 것은 틀림없으나 당뇨병이라는 질병 그 자체가 유전하느냐고 하면 그렇지 않다고 말하 수 있습니다.",http://www.acdm.or.kr/bbs/505.php?&fm_id=5&page=10,한국만성질환관리협회
당뇨병,당뇨병은 근치되지 않는 질병인가요?,"당뇨병이란 질병 자체는 근치되지 않습니다. 당뇨병이 발병되었을 때, 그 환자는 선천적으로 당뇨병의 소질을 가지고 있었다는 것이 증명되는 것입니다. 당뇨병에 걸리기 전의 상태를 당뇨병 발증 전기라 부르고 있습니다. 출생에서 당뇨병이 일어날 때까지가 당뇨병 상태는 아니었다고 할 수 있으나 선천적으로 당뇨병을 가지고 있었다고 생각하는 것입니다.이와 같이 선천적으로 존재된 질병이 그 후의 치료에 의하여 뿌리까지 없어진다는 일은 거의 있을 수 없습니다. 그러나 당뇨 병상태는 치료에 따라 당뇨병 발증 전의 상태와 흡사한 상태로 만들 수가 있습니다.즉, 인슐린이 필요한 당뇨병이라면 인슐린을 규칙적으로 주사함으로써 당뇨병 상태가 아닌 상태, 갈증이 생기지 않고 소변의 분량도 보통 때와 같이 적으며 또 혈당도 정상적인 상태로 만들 수가 있습니다. 정상화 상태는 치유된 상태라 할 수 있으므로 당뇨병은 치유된 상태로써, 유지할 수 있는 질환이라고 고쳐 말할 수 있습니다. 당뇨병의 원인을 치료하거나 제거시킨다는 것은 불가능한 일임으 로그런 뜻에서 근치는 불가능하지만, 당뇨병 상태즉, 당뇨병이 있기 때문에 일어나는 여러 가지 증상, 합병증 등을 없애기도 하고 예방하기도 하면서 치유된 상태로 유지한다는 것은 가능한 질병이라고 할 수 있습니다.다만 당뇨병을 악화시키고 있는 유인인 비만·과식·감염증 등 몇 가지는 제거할 수가 있으며, 그렇게 함으로써 증상을 호전시킵니다.",http://www.acdm.or.kr/bbs/505.php?&fm_id=5&page=11,한국만성질환관리협회
당뇨병,당뇨병은 예방할 수 있는지요?,"당뇨병은 선천적으로 소인을 바탕으로 해서 발병하는 질병입니다. 선천적인 소인은 유전에 의해 초래될 경우가 많습니다. 그런 면에서 본다면, 가능한 한 당뇨병의 소인을 없앤다, 즉 유전을 없애려는 노력이 곧 예방과 직결된다고 할 수 있습니다. 유전을 완전히 없앤다는 의미에서의 예방이란 현실적으로 곤란하지 않을까 생각됩니다. 그러나 당뇨병 환자끼리 의 결혼은 자녀에게 당뇨병을 발증시킬 가능성을 증대시킬 것입니다. 당뇨병의 예방이 중증화되는 것과 합병증을  막는 데 있다는 인식을 가져야 한다는 점입니다. 즉 당뇨병의 예방이란 악화되는 것을 예방하는 데 있습니다. 당뇨병의 소인을 지니고 있는 사람이 유인이 될 만한 것을 피하는 것, 이것이 우선 예방이 됩니다. 자기 스스로 당뇨병의 소인을 가지고 있는 가의 여부를 알기란 여간 어렵지 않습니다.대게의 경우 당뇨병이 실제로 나타난 뒤에야 자기도 그런 소인을 가지고 있는지의 여부를 처음으로 알게 되기 때문입니다.다만 부모가 당뇨병에 걸렸다든가, 형제 중에 당뇨병 환자가 있 다든가 할 경우, 그 사람도 당뇨병에 걸릴 소질이 짙다는 것은 틀림없겠지요. 그런 사람은 특히 당뇨병의 유인이 될 만한 것을 피하는 것이 예방과 직결됩니다. 당뇨병을 유발시키는 원인으로는 비만·과식·스트레스 또는 당뇨병이 되기 쉬운 약제 등을 들 수 있습니다. 그런 것에 대해 항상 주의를 기울인다는 것은 매우 중요할 뿐더러 동시에 그렇게 하는 것이 곧 커다란 예방법인 것입니다.",http://www.acdm.or.kr/bbs/505.php?&fm_id=5&page=12,한국만성질환관리협회
"고혈압, 당뇨병",고혈압이나 당뇨병이 있으면 임신이 위험한 가요?,"당뇨병이나 고혈압이 있는 여성은 임신 전 의료진과 상의하여 혈당과 혈압을 잘 관리하면서 계획 임신을 한다면 임신 중에 발생할 수 있는 합병증을 예방하고, 안전하게 정상분만을 할 수 있습니다.",https://health.kdca.go.kr/healthinfo/biz/health/ntcnInfo/healthSourc/thtimtCntnts/thtimtCntntsView.do,국가건강정보포털
당뇨병,임신 당뇨병으로 출산 후 당뇨병을 앓게 되나요?,분만 후 2달 뒤에 임신 당뇨병 산모를 대상으로 시행한 검사에서 약 10%가 당뇨병으로 진단됩니다.10년 내에 50%가 당뇨병으로 진단되고 있습니다.,https://health.kdca.go.kr/healthinfo/biz/health/ntcnInfo/healthSourc/thtimtCntnts/thtimtCntntsView.do,국가건강정보포털
당뇨병,"임신 당뇨병으로 인슐린까지 맞았는데, 출산 후 아이에게도 영향이 있을까요?","인슐린은 단백질 구조로 이루어져 있어, 태반을 통과하지 않습니다. 따라서 인슐린 자체는 태아에게 직접적인 영향을 주지 않습니다.인슐린은 산모의 혈당을 조절하여 태아의 혈당을 조절하게 됩니다. 적절하게 관리되지 않은 임신 당뇨병은 태아의 성장과 발달에 영향을 줄 수 있으므로, 산모의 혈당 관리가 중요합니다. 출산 후에도 아이의 혈당관찰과 영양관리가 필요할 수 있으니, 의료진과 지속적인 상담과 관리가 필요합니다.",https://health.kdca.go.kr/healthinfo/biz/health/ntcnInfo/healthSourc/thtimtCntnts/thtimtCntntsView.do,국가건강정보포털
당뇨병,당뇨병 진단 기준은 무엇인가요?,"당뇨병은 혈액 속의 포도당이 세포 속으로 들어가 에너지원으로 이용되지 못하고 혈액 중에 비정상적으로 많이 남아 있어서 문제가 되는 질환입니다.정상혈당은 최소 8시간 이상 음식을 섭취하지 않은 상태에서 공복 혈장포도당 100mg/dL 미만, 포도당부하(75g 섭취) 2시간 후 혈장포도당 140mg/dL 미만입니다. 아래 진단 기준 중 1개 이상에 해당하면 당뇨병으로 진단합니다. ① 당화혈색소 6.5% 이상, ② 8시간 이상 공복 후 혈장포도당 126mg/ dL 이상, ③ 75g 경구포도당부하 검사 2시간 후 혈장포도당 200mg/dL 이상, ④당뇨병의 전형적인 증상(다뇨, 다음, 설명되지 않는 체중 감소)이 있으면서 무작위 혈장포도당 200mg/dL 이상 ※①, ②, ③의 경우에는 서로 다른 날 검사를 반복해 확진해야 하지만, 같은 날 동시에 두 가지 이상의 기준을 충족한다면 바로 진단할 수 있습니다. 병원을 방문해 정확한 혈당 검사를 통한 당뇨병 진단을 받는 것이 좋습니다.",https://health.kdca.go.kr/healthinfo/biz/health/ntcnInfo/healthSourc/thtimtCntnts/thtimtCntntsView.do,국가건강정보포털
당뇨병,당뇨병은 유전인가요?,"당뇨병은 ‘제2형 당뇨병’인 경우가 많은데, 가족 내에 제2형 당뇨병 환자가 있다면 직계가족들의 당뇨병 발생 위험은 당뇨병이 없는 가족들에 비해 3.5배 높습니다. 쉽게 말하면 당뇨병 발병은 유전과 분명히 관련되며, 30~70% 정도의 영향을 미친다는 것입니다. 그러나 당뇨병 발생에는 유전적인 요인뿐만 아니라 생활습관 등도 관여합니다. 따라서 유전적인 성향이 강해도 올바른 생활습관으로 사전에 예방한다면 당뇨병이 발생하지 않을 수 있습니다. 또한, 유전 적 영향이 확인되지 않아도 당뇨병이 발생할 수 있습니다. 더 자세한 정보는 ‘당뇨병’ 콘텐츠에서 확인하세요. ※ 제2형 당뇨병은 몸의 인슐린 저항성이 커지면서 인슐린의 작용이 원활하지 않고 상대적으로 인슐린 분비의 장애가 생겨 혈당이 올라가는 병입니다.",https://health.kdca.go.kr/healthinfo/biz/health/ntcnInfo/healthSourc/thtimtCntnts/thtimtCntntsView.do,국가건강정보포털
"당뇨병, 고혈압",당뇨병와 고혈압은 어떤 관계가 있나요?,"당뇨병 환자는 고혈압이 일반인구 집단과 비교해서 2배 많이 발견되고, 고혈압 환자도 당뇨병 발생 위험이 2.5배나 높습니다. 당뇨병과 고혈압이 함께 있다면 심뇌혈관질환으로 사망할 위험이 크게 증가하기 때문에 고혈압과 당뇨병을 잘 관리해야 합니다. 두 질환을 동시에 가지고 있는 환자가 고혈압과 당뇨병 치료를 받는다면 사망률 및 합병증 발생률을 일반 환자보다 더 큰 폭으로 줄일 수 있습니다. 환자 상태나 동반 질환에 따라 치료 목표는 달라질 수 있으므로 반드시 전문가와 상담해야 합니다.",https://health.kdca.go.kr/healthinfo/biz/health/ntcnInfo/healthSourc/thtimtCntnts/thtimtCntntsView.do,국가건강정보포털
당뇨병,당뇨병 예방에 좋은 습관에는 무엇이 있나요?,"당뇨병 환자는 표준 체중 유지, 꾸준한 운동, 균형 잡힌 식단으로 식사하기, 절주, 금연 등을 통한 생활습관을 개선하는 것이 바람직합니다. 아울러, 당뇨병에 좋다고 소문난 식품들이 (돼지감자, 구지뽕 등) 있으나 대부분 그 성분이 명확하지 않고, 효과 역시 정확하게 검증되지 않았습니다. 일부 진액 제품들은 설탕이 추가되어 오히려 혈당을 더 높일 수 있습니다. 또 많은 양을 복용할 경우 식품 자체의 부작용이 발생하거나, 복용 중인 당뇨병 치료약물과의 상호작용으로이 상반응이 나타날 수도 있으니, 전문가와 상담을 통해 드시는 것을 권장합니다.",https://health.kdca.go.kr/healthinfo/biz/health/ntcnInfo/healthSourc/thtimtCntnts/thtimtCntntsView.do,국가건강정보포털
당뇨병,당뇨병이 있으면 과일을 먹지 못하나요?,"과일에는 비타민, 무기질, 식이섬유 등이 들어 있어 건강한 사람에게는 과일을 많이 먹도록 권장하지만, 당뇨병이 있는 경우에는 과일의 당 성분(과당, 포도당 등)이 혈당을 많이 올릴 수 있어 하루에 계획된 총당질 섭취량을 감안해 적절한 양만큼 먹도록 권장합니다.과일을 먹을 때는 주스나 즙의 형태보다는 섬유소가 풍부한 생과일로 먹는 것이 좋습니다. 일반적으로 당뇨병 환자는 하루 1, 2회 분량의 과일을 섭취하도록 권장하는데 1회 양은 사과1/3개 정도의 양입니다 .",https://health.kdca.go.kr/healthinfo/biz/health/ntcnInfo/healthSourc/thtimtCntnts/thtimtCntntsView.do,국가건강정보포털
당뇨병,당뇨병 전조 증상은 무었인가요?,"당뇨병이 있더라도 증상은 없을 수 있으므로 정기적으로 건강검진을 받거나 혈당을 검사하는 것이 중요합니다.고 혈당이 심한 경우 다음, 다식, 다뇨(당뇨병의 3대 증상) 및 체력저하, 피로, 무기력, 졸음 등의 증상을 호소하기도 합니다. 그리고 여성은 비뇨생식 계통 감염이 흔해져 질염이나 방광염, 전신 가려움 등의 증상이 나타나는 경우가 많습니다.",https://health.kdca.go.kr/healthinfo/biz/health/ntcnInfo/healthSourc/thtimtCntnts/thtimtCntntsView.do,국가건강정보포털
당뇨병,단 음식을 많이 먹으면 당뇨병에 걸리나요?,"단 음식을 많이 먹는다고 당뇨병에 걸리는 것은 아닙니다. 그러나 흔히 먹는 단 음식은 열량이 높은 반면 우리 몸에 필요한 영양소는 적고 비만의 위험성이 높아 피하는 것이 좋습니다. 비만이 제2형 당뇨병의 주된 원인이라는 것은 이미 잘 알려져 있습니다. 비만일수록 당뇨병의 발생 위험은 높아지는데, 고도비만 인 사람은 정상체중의 사람보다 10년 후 제2형 당뇨병 발생 위험이 80배나 높습니다. 또 제2형 당뇨병 환자들의 약 80%가 비만입니다. 당뇨병이나 정상과 당뇨병 의경계에 있는 환자들은 단 음식, 특히 단 음료, 사탕, 단과자 등 섬유질은 거의 없고 달기만 한 음식을 먹으면 혈당이 급격히 상승해서 상태가 악화될 수 있으니 주의가 필요합니다.",https://health.kdca.go.kr/healthinfo/biz/health/ntcnInfo/healthSourc/thtimtCntnts/thtimtCntntsView.do,국가건강정보포털
당뇨병,제로음료는 당뇨와 상관이 없다고 하는데 사실인가요?,"제로음료는 설탕이 아닌 인공감미료(아스파탐, 아세설팜 칼륨 등)를 이용하여 단맛을 낸 제품으로, 다른 가당 음료와 달리 열량이 기준 미만(100ml당 4kc al)으로 낮기 때문에 체중조절이나 혈당 관리가 필요한 사람들에게 많이 이용되고 있습니다. 건강증진을 위해 설탕과 같이 정제된 당류를 함유한 음료나 음식 섭취를 줄이도록 권장하고 있지만 설탕 대신 열량이 없는 인공감미료를 사용했을 때 혈당개선이나 체중감량의 효과는 입증되어 있지 않습니다. 일부 연구 에서는 가당음료뿐 아니라 인공감미료를 이용한 음료 섭취와 당뇨병 발생과의 관련성을 보고하고 있습니다. 따라서 평소 설탕이나 꿀, 각종 시럽 등의 첨가당이 포함된 음료수를 즐겨 마시던 습관이 있다면 물로 대신하는 것이 가장 좋습니다.다만, 당류 섭취를 줄이는 과정에서 어려움이 있을 때 인공감미료를 사용한 제로 칼로리 음료를 적당히 활용할 수 있습니다.",https://health.kdca.go.kr/healthinfo/biz/health/ntcnInfo/healthSourc/thtimtCntnts/thtimtCntntsView.do,국가건강정보포털
당뇨병,외식시 올바른 식사 주문 방법은 무엇인가요?,"다양한 재료로 만든 메뉴를 선택합니다. 특히 신선한 채소를 충분히 먹을 수 있는 메뉴를 고릅니다. 어떤 음식을 먹을 것인지 미리 생각해서, 충동적으로 많은 음식을 주문하지 않도록 합니다. 튀김이나 부침류보다는 구이, 찜요리를 선택합니다. 계획한 식사량만큼 먹습니다. 많은 양이 나온 경우, 먹을 분량만 덜어서 먹도록 합니다. 뷔페 식당을 이용할 때는 특히 과식하지 않도록 조심합니다. 달고 기름진 음식이나 소금이 많은 탕류보다는 반찬을 골고루 먹을 수 있 는 음식이 좋습니다. 한식은 여러 가지 음식을 골고루 먹을 수 있지만 소금 섭취가 많을 수 있으므로 주의합니다. 국물이 있는 음식의 경우 국물을 남기고 건더기 위주로 먹습니다. 잘 모르는 음식을 주문할 때는 주문 전에 음식재료 및 조리방법을 확인합니다.",https://health.kdca.go.kr/healthinfo/biz/health/ntcnInfo/healthSourc/thtimtCntnts/thtimtCntntsView.do,국가건강정보포털
당뇨병,당뇨병을 갖고 있으면 임신이 불가능한 건가요?,"임신이 불가능한 것은 아니지만 임신 전부터 철저한 관리가 필요합니다. 당뇨병은 선천성 기형, 자연유산, 사산, 거대아, 신생아 저혈당, 신생아 사망 위험을 높이고 아이가 성장 후에도 청소년 비만이나 당뇨병이 발생할 확률이 높습니다.임신 계획은 의사와 상의하여 마련하고, 적어도 임신 1년 전부터 준비하고 6개월 전부터 임신 전 관리를 시작하여 혈당을 가능한 정상에 가깝게 유지한 상태여야 합니다. 경구혈당강하제를 복용하는 제2형 당뇨병도 임신 전부터 약물을 중 단 하고 인슐린으로 바꿔서 관리하는 등의사와 적극적으로 상의하여 임신을 준비하도록 합니다.",https://health.kdca.go.kr/healthinfo/biz/health/ntcnInfo/healthSourc/thtimtCntnts/thtimtCntntsView.do,국가건강정보포털
당뇨병,임신성 당뇨로 인슐린 주사를 맞았는데 아이에게 영향이 있나요?,임신 중에는 평소보다 더 적극적인 혈당 관리가 필요하여 제2형 당뇨병의 경우에도 경구혈당강하제를 중단하고 인슐린을 바꿔서 관리하도록 합니다. 혈당 관리가 되지 않을 경우 태아에게 부정적인 영향을 미칠 위험이 높기 때문에 인슐린을 주사하여 엄격하게 혈당을 관리하도록 합니다.인슐린은 태반을 거의 통과하지 못하므로 태아에게 직접적인 영향이 없기 때문에 약물치료가 필요한 경우 인슐린을 우선 권장합니다.,https://health.kdca.go.kr/healthinfo/biz/health/ntcnInfo/healthSourc/thtimtCntnts/thtimtCntntsView.do,국가건강정보포털
당뇨병,임신성 당뇨병은 어떻게 관리하면 되나요?,"임신성 당뇨병은 임신 중에 처음 발생했거나 발견된 당대 사 장애로, 임신이전에 당뇨병이 이미 있었던 경우는 임신성 당뇨병이 아니라 임신 전 당뇨병으로 분류합니다.임신성 당뇨병은 분만 후 사라지는 경우가 많지만 이후 당뇨병이 발병할 위험성이 높습니다.임신성 당뇨병은 대부분 임신 중후반에 생기기 때문에 기형이나 초기 유산 위험은 낮으나 혈당을 철저히 조절하면서 임신 및 출산 과정에 생길 수 있는 합병증 위험을 줄이도록 합니다. 체중도의사와 상의하여 증가량을 조절해 야하며, 식사요법, 운동으로 목표 혈당을 유지해야 하나 이것이 어렵다면 인슐린 치료도 시행해야 합니다. 메트포르민과 글리부 라이드와 같이 단기 안전성이 입증된 경구혈당강하제를 사용하기도 합니다. 체중증량은 임신 중 후반기를 기준으로 일주일에 약 0.5kg씩 증량이 적절하며, 혈당 조절이 어렵다면 0.3kg 증가가 적절합니다. 식사요법은 하루 3끼 식사와 2번의 간식을 규칙적으로 섭취하도록 하고, 복합탄수화물과 단백질 위주로 식사합니다. 운동 은 식사 30분 후 15~20분 정도 빠르게 걷기를 하루 2회 정도 실시하는 것이 적절합니다. 분만 후 정상 혈당으로 돌아오는 경우가 대부분이지만 분만 후 4~12주에 경구당부하 검사를 통해 당뇨병 지속 여부 혹은 당뇨병 전 단계 여부를 확인하고, 이때 정상으로 확인되었다 해도 정기검사를 지속적으로 시행합니다.",https://health.kdca.go.kr/healthinfo/biz/health/ntcnInfo/healthSourc/thtimtCntnts/thtimtCntntsView.do,국가건강정보포털
당뇨병,설탕이나 단 음식은 먹으면 안 되나요?,"단 음식을 드셔도 됩니다. 하지만 교환 단위를 고려하여 드신만큼 다른 탄수화물 식품을 덜 먹어야 합니다. 설탕, 꿀, 단팥, 초콜릿같이 단 음식은 대부분 열량은 많으면서 다른 영양소가 적습니다. 이런 음식을 자주 먹으면 영양가 많은 음식을 덜 먹게 되므로 영양의 균형이 깨질 수 있습니다. 그러므로 단 음식은 가능한 적게 드시는 것이 좋습니다. 반면 인공감미료를 사용한 단 음식은 비교적 안심하고 드실 수 있습니다. 설탕도 드셔도 됩니다.단, 설탕 그 자체나 설탕이든 음료수 를 단독으로 먹기보다는 식사나 간식의 일부로서 먹는 것이 좋습니다. 설탕에는 당을 제외하고는 영양가가 거의 없기 때문에 가능한 적게 드시고, 드신만큼 교환 단위를 고려하여 다른 탄수화물 식품을 덜 먹어야 합니다.",https://health.kdca.go.kr/healthinfo/biz/health/gnrlzHealthInfo/gnrlzHealthInfo/gnrlzHealthInfoView.do,국가건강정보포털
당뇨병,과일을 얼마나 먹을 수 있나요?,"과일에는 탄수화물이 많아서 많이 먹으면 혈당이 올라갑니다. 하지만 과일에는 비타민과 무기질, 섬유소가 많이 들어있으므로 적당히 맞추어서 먹는 것이 중요합니다.1회에 1교환 단위의 과일을 섭취하는 것이 좋은데, 사과를 예를 들면 중간 크기의 1/3개(100g), 참외 나 오렌지반개(100g), 수박 큰 것 한쪽(250g), 배 1/4쪽, 딸기 10개, 토마토 큰 것 1개(350g), 과일주스반 컵 중에 한 가지를 먹습니다. 주스나 통조림보다는 신선한 과일을 먹는 것이 좋습니다. 주스를 마실 때에는 무가당으로 표시된 것을 고릅니다.",https://health.kdca.go.kr/healthinfo/biz/health/gnrlzHealthInfo/gnrlzHealthInfo/gnrlzHealthInfoView.do,국가건강정보포털
당뇨병,고기는 어떻게 먹지요?,"지방이 적은 부위를 선택하고 기름이 많은 부위와 껍질은 제거합니다. 콜레스테롤이 높은 내장도 먹지 않는 게 좋습니다. 육류를 조리할 때 찌거나 데치면 기름을 제거할 수 있습니다.지방을 제거하면 적게는 15%, 많으면 35%까지 칼로리를 줄일 수 있습니다. 닭고기나 돼지고기는 조리하기 전에 미지근한 물에 담갔다가 물기를 없애고 냉장고에 넣어 식히면 지방이 분리됩니다. 이렇게 분리된 지방을 제거하고 조리합니다.",https://health.kdca.go.kr/healthinfo/biz/health/gnrlzHealthInfo/gnrlzHealthInfo/gnrlzHealthInfoView.do,국가건강정보포털
당뇨병,혈당지수가 중요합니까?,혈당지수는 각 식품을 먹은 후 혈당 상승 반응을 수치로 나타낸 값입니다.흰 빵 100g을 기준으로 혈당지수가 큰 식품은 혈당지수가 낮은 식품보다 혈당을 빨리 올립니다. 혈당지수가 낮은 식품도 안심하고 양껏 드실수는 없습니다. 혈당지수는 측정하기 쉽지 않고 개인 차이도 크기 때문에 혈당지수보다는 섭취하는 탄수화물의 총량을 확인하는 것이 더 중요합니다. 또한 혈당지수가 낮다고 무조건 좋은 식품이라고 할 수도 없습니다.지방 함량이 많아서 음식이 천천히 소화되는 경 우도혈당지수가 낮기 때문입니다.,https://health.kdca.go.kr/healthinfo/biz/health/gnrlzHealthInfo/gnrlzHealthInfo/gnrlzHealthInfoView.do,국가건강정보포털
당뇨병,어떤 운동을 할까요?,"산소를 계속 사용하는 유산소 운동이 좋습니다. 걷기, 뛰기, 등산, 줄넘기, 수영, 자전거 타기, 에어로빅 등이 있습니다. 특별히 좋아하는 운동이 없으면 걷기, 속보 등을 이렇게 해보시는 것이 좋습니다. -걷기 : 매일 총 45분 이상, 나눠 걸어도 됨. ? - 속보 : 매일 총 30분 이상, 나눠 걸어도 됨. ? -근력운동 : 아령, 고무밴드, 역기 등의 기구 운동도 도움이 됩니다.",https://health.kdca.go.kr/healthinfo/biz/health/gnrlzHealthInfo/gnrlzHealthInfo/gnrlzHealthInfoView.do,국가건강정보포털
당뇨병,언제 운동하는 것이 좋을까요?,"식사 후 30분에서 1시간 사이가 가장 좋습니다. 공복 상태나 식사 전에 운동하는 것은 피해야 합니다.인슐린을 사용하고 있다면 운동에 의한 저혈당을 방지하기 위하여 인슐린의 양을 줄이는 것을 고려해야 하며, 인슐린 주사 후 60~90분 이내에는 운동을 하지 않는 것이 좋습니다. 운동 전후로 혈당을 측정하여 혈당 변화를 스스로 확인하도록 합니다.",https://health.kdca.go.kr/healthinfo/biz/health/gnrlzHealthInfo/gnrlzHealthInfo/gnrlzHealthInfoView.do,국가건강정보포털
당뇨병,운동 강도는 어느 정도가 적당할까요?,"목표심박수를 구하는 다음의 공식에서 운동 강도를 40~50%으로 지정한 중간 강도운동이 적합합니다. 목표심박수=운동 강도(%)x(최대 심박수?안정심박수) +안정심 박수 * 최대 심박수 : 운동으로 얻을 수 있는 최대 심장 박동수, '220-나이'로 계산 * 안정심 박수 : 안정된 상태에서 의 심장박동수, 보통 60회~70회 심 박수를 측정하기 어렵다면 약간 힘들다고 느낄 정도나 숨이 평소보다 조금 더 찬 정도로 운동하는 것이 좋습니다(자 율신경병증이 있거나 베타차단제 혈압약 복용, 임신과 같이 심박수에 영향을 줄 수 있는 상태라면 심박수로 운동 강도를 추정할 수 없습니다). 한편 운동을 규칙적으로 해왔거나 체력적으로 가능한 경우에 충분한 운동시간을 확보할 수 없는 경우에는 7분가량의 짧은 시간의 고강도 인터벌 운동(Highintensity Interval Training, HIT)이 도움이 될 수 있습니다.",https://health.kdca.go.kr/healthinfo/biz/health/gnrlzHealthInfo/gnrlzHealthInfo/gnrlzHealthInfoView.do,국가건강정보포털
당뇨병,"일주일에 몇 회, 한 번에 얼마나 오랫동안 운동을 하면 좋을까요?","일주일에 5회 이상 (체중을 줄여야 하는 경우에는 매일) 규칙적으로 합니다. 처음에는 이틀에 한 번 정도로 시작하여 점차 늘려가도록 합니다. -준비운동 : 운동 시작 전에 근육, 심장, 폐, 관절 등이 운동하기에 적절한 상태로 적응하도록 도와줍니다. 약 5~10분 정도 낮은 강도로 걷기나 자전거 타기 같은 유산소 운동과 스트레칭을 합니다. -본 운동 : 준비운동을 한 후 준비운동보다 높은 강도의 본 운동을 30분 이상 시행합니다. 처음 시작하시는 분은 15분 정도 만하고 천천히 늘려갑니다. ?- 정리운동 : 본 운동 후 갑자기 운동을 중지하면 심장과 근골격계의 합병증 위험이 증가합니다. 심박수가 천천히 운동 전 수준으로 떨어지도록 적어도 5~10분간 정리운동을 합니다. 일반적으로 준비운동과 비슷하게 걷기와 스트레칭, 천천히 하는 율동 등을 시행합니다.",https://health.kdca.go.kr/healthinfo/biz/health/gnrlzHealthInfo/gnrlzHealthInfo/gnrlzHealthInfoView.do,국가건강정보포털
당뇨병,운동시 주의사항은 어떤 것이 있나요?,"당뇨병의 만성 합병증이 있다면 주치의와 상의하여 운동량을 결정하셔야 합니다. 매우 덥거나 추울 때, 혈당 조절이 잘 안 될 때(케톤요증과 혈당이 250mg/dL 이상이거나 케톤요증에 관계없이 혈당이 290mg/dL 이상이거나 60mg/dL이하)에는 운동을 미루는 것이 좋습니다. 저혈당이 될 위험에 대비하여 비상식량(설탕, 사탕, 꿀, 초콜릿, 캐러멜, 콜라, 요구르트, 주스 등)을 꼭 가지고 다니세요.매일 운동 전후에 발에 상처가 있는지 확인하며  발을 깨끗하게 씻고 발가락 사이를 잘 건조시키도록 합니다.발에 맞는 편한 운동화를 신어 발을 보호하고 발가락 부위가 넉넉하도록 앞부분이 넓은 신발을 고르세요. 신발을 고를 때는 신발 안쪽에 발에 자극을 줄 수 있는 부분이 없는지 확인합니다.",https://health.kdca.go.kr/healthinfo/biz/health/gnrlzHealthInfo/gnrlzHealthInfo/gnrlzHealthInfoView.do,국가건강정보포털
당뇨병,최근 당이 나 열량이 제로 인 식품들의 판매가 늘어나고 있는데 이러한 식품의 섭취는 어느 정도가 적절한가요?,"?기존 설탕 대비 단맛은 유지하면서 칼로리가 더 낮은 제로음료들은 실제로는 열량이나 당분이 하나도 없는 ‘제로’는 아닙니다. 식품의약품안전처의 기준 상열량이 100mL당 4kc al 미만일 때 ‘무열량’으로 표시할 수 있고, 당류가 100mL 또는 100g당 0.5g 미만이면 ‘무당’으로 표기할 수 있기 때문입니다. 제로 과자도 마찬가지로 설탕이 없다는 것은 맞으나 대신 인공감미료로 단맛을 내고 칼로리와 탄수화물이 함유되어 있으므로 과다 섭취 시에는 혈 당 상승이나 체중 증가를 유발할 수 있습니다. 설탕에 비해 칼로리가 낮은 대체감미료 사용하여 단기간에 체중 감소 효과를 볼 수 있지만 장기적으로 체중 감소 효과는 입증되지 않았습니다. 특히 당뇨병 같은 기저질환을 가지고 있는 환자들이 설탕을 대체감미료로 바꾸면 오히려 건강에 좋지 않을 수 있습니다. 안전성 측면에서 하루에 섭취 가능한 대체감미료 허용량은 캔 음료를 수십 개 먹어도 되는 수준입니다. 하지만 최근 세계보건기구에서는 단순당보다는 낫다고 하지만 가능한 적 게섭취하도록 권고하고 있습니다. 한편 제로로 선전하는 주류는 알코올이 1그램당 7kc al로고열량이기 때문에 일반 주류와 비교해볼 때 칼로리 면에서 크게 차이가 없습니다. 건강을 위해서는 무설탕 주류를 마시는 것보다 술 마시는 것 자체를 줄이는 것이 좋습니다.",https://health.kdca.go.kr/healthinfo/biz/health/gnrlzHealthInfo/gnrlzHealthInfo/gnrlzHealthInfoView.do,국가건강정보포털
당뇨병,당뇨병 합병증을 예방할 수는 없나요?,"혈당이 높은 상태에서 치료를 받지 않아 고혈당 인 상태가 지속되면 여러 가지 급만성 당뇨병 합병증이 발생합니다. 따라서 합병증을 예방하려면 철저한 혈당관리가 중요합니다. 식사요법, 운동요법, 약물요법을 병행하면서 규칙적인 생활습관을 유지해 혈당을 정상 범위 내로 유지하는 것이 합병증을 예방하는 지름길입니다. 아울러 적정 체중과 혈압, 혈중 콜레스테롤 수치를 유지하며, 합병증의 발생과 진행 여부를 판단하기 위해 정기적인 검사를 시행합니다. 당뇨병 합병 증예방에 대한 유명한 연구로 당뇨병 조절과 합병증에 대한 연구(TheDiabetes ControlandComplications Trial, 이하 DCCT)와 영국에서 시행된 전향적 당뇨병 연구(UKProspectiveD iabetes Study, 이하 UKPDS)가 있습니다.이들 연구에서 합병증 예방과 관련한 결과는 다음과 같습니다. 첫째, DCCT 연구는 1형 당뇨병 환자들을 대상으로 혈당을 집중적으로 조절해 당화혈색소 평균치를 7%까지 낮춘 환자들과 일반적인 치료를 유지해 당화혈색소 평균치가 9%인 환자들을 6.5년 이상 관찰하였습니다. 집중적으로 혈당을 조절한 환자들은 당뇨병 망막병증의 진행이 54%, 당뇨병 신증의 초기 징후인 미세단백뇨가 39%, 단백뇨가 54%, 당뇨병 신경병증이 60%까지 감소했습니다. 두 번째로, UKPDS 연구는 제2형 당뇨병을 처음 진단받은 환자 3,867명을 대상으로 집중적으로 혈당을 조절해 평균 당화혈 색소가 7%인 환자들 과일반적인 치료를 유지해 당화혈색소가 7.9%인 환자들을 10년 이상 조사했습니다. 당화혈 색소가 낮은 환자에서 미세혈관 합병증이 25% 감소했고, 연구 후 분석 결과 당화혈색소가 1% 감소하면 미세혈관 합병증은 37% 감소했습니다. UKPDS 연구가 끝난 후 결과가 최근 보고되었습니다. UKPDS 연구에 참여한 환자들의 경과를 그 후 10년간 조사했더니, 진단 초기에 집중적으로 혈당을 조절했던 환자들은 당뇨병과 관련된 모든 합병증이 9%, 미세혈 관 합병증이 24%, 당뇨병 관련 사망이 17%, 심근경색증이 15%, 모든 원인에 의한 사망이 13% 감소했습니다. 특히 심근경색증 및 모든 원인에 의한 사망의 감소는 UKPDS 초기 연구에서는 나타나지 않았으나, 연구가 종료되고 10년 후에 의미 있는 결과를 보였습니다.대혈관 합병증은 당뇨병으로 진단받고 오랜 시간 후에 나타나는데 초기에 철저히 혈당을 조절했을 때의 이익은 연구가 끝나고 10년 후에도 지속되어 심혈관계 합병증을 줄이는 유익한 효과가 있 었습니다.",https://health.kdca.go.kr/healthinfo/biz/health/gnrlzHealthInfo/gnrlzHealthInfo/gnrlzHealthInfoView.do,국가건강정보포털
당뇨병,당뇨병 환자가 평소에 주의해야 할 사항에는 어떤 것들이 있나요?,"가장 기본적이면서도 중요한 당뇨병 관리법은 식사요법과 운동요법입니다.2형 당뇨인은 과반수 이상 이 체중과 다이므로 체중감량을 위해 식사요법과 함께 운동요법이 반드시 필요하며, 이를 엄격하게 시행해도 혈당 조절이 안 될 때는 약물요법을 추가로 시행합니다. 생활습관 변화를 통해 정상적으로 혈당이 조절되는 경우 당뇨병이 완치되었다고 생각하고 관리를 소홀히 하거나 과다한 칼로리를 섭취해 체중과 혈당이 다시 높아지는 경우도 많습니다. 당뇨병은 평생 관리해야 한다는 것을 잊지 말고 꾸준히 규칙적인 생활을 유지해야 합니다. 당뇨병은 나의 친구라는 생각으로 즐겁게 생활하시기 바랍니다. 아울러 당뇨병 환자가 흡연을 하면 온몸으로 가는 산소를 차단해 심장발작, 유산, 사산 등을 겪을 수 있고, 콜레스테롤이 상승하며, 신경 및 신장 합병증을 유발하고, 말초신경 손상으로 발의 궤양과 염증이 잘 발생하며, 혈당과 혈압이 올라가기 때문에 반드시 금연해야 합니다.",https://health.kdca.go.kr/healthinfo/biz/health/gnrlzHealthInfo/gnrlzHealthInfo/gnrlzHealthInfoView.do,국가건강정보포털
당뇨병,당뇨병 약물요법을 시행 중인 환자가 알아야 할 사항에는 어떤 것들이 있나요?,"약물요법으로 경구약을 복용하거나 인슐린 주사를 맞더라도 식사요법과 운동요법은 꾸준히 병행해야 합니다. 식사량이 부족하거나 식사를 거른 경우, 약을 과다 복용한 경우에는 저혈당이 생길 수 있으므로 약물 복용 시 시간과 용량을 확인해야 합니다. 복용을 잊은 경우에는 생각난 즉시 복용하면 되지만, 시간이 너무 지났다면 한번 거르는 게 좋습니다. 저혈당 발생 시에는 자가혈당측정 후 저혈당 응급식품을 섭취해야 하며, 회복된 후 저혈당의 발생 원인을 생각해보고 예방해야 합니다. 약물 중에 인슐린과 상호작용해 혈당을 올리거나 내리는 약이 있을 수 있으므로 반드시 의사와 상의 후 복용해야 하며, 병원 진료 시에는 반드시 당뇨병이 있음을 알려야 합니다. 건강보조식품 중에는 당뇨병이 완치된다고 허위광고하는 것도 있으므로 광고만 믿고 복용하지 않도록 합니다.",https://health.kdca.go.kr/healthinfo/biz/health/gnrlzHealthInfo/gnrlzHealthInfo/gnrlzHealthInfoView.do,국가건강정보포털
당뇨병,자기관리를 위해서 환자가 알아야 할 사항에는 어떤 것들이 있나요?,"당뇨병은 완치되는 병이 아니고 평생 조절이 필요합니다. 따라서 당뇨병 환자들은 무슨 죄를 지어 병에 걸린 것 같다는 생각도 하게 됩니다. 그러나 건강한 사람도 더 건강하게 살기 위해 규칙적인 운동을 하고 술, 담배를 멀리하듯, 당뇨병 환자도 기본 생활수칙만 잘 지키면 건강한 삶을 영위할 수 있습니다.다음은 대한 당뇨병학회에서 제시한 당뇨인의 기본생활수칙입니다. -식사는 제때에, 반찬은 골고루, 양은 알맞게 . -운동은 매일 한 시간씩 규칙적으로. -아는만 큼 치료된다. 당뇨병 공부를 열심히. -규칙적인 혈당측정, 예방되는 당뇨병 합병증. -병원 방문은 학생이 학교가 듯 정기적으로. -담배는 합병증의 지름길, 금연하여 예방하자. -술 마시면 올라간다.금주하여 혈당 조절. -발 건강은 장수비결, 발관리를 잘하자. -당뇨병은 조절된다. 긍정적으로 생각하자. -검증된 치료방법으로 안전하게 건강장수.",https://health.kdca.go.kr/healthinfo/biz/health/gnrlzHealthInfo/gnrlzHealthInfo/gnrlzHealthInfoView.do,국가건강정보포털
당뇨병,당뇨병 약제를 어느 정도 사용하면 끊을 수 있나요?,"혈당이 안정되면 많은 분이 약을 끊고 싶어 합니다. 혈당이 안정되더라도 저혈당이 나타나면 건강에 더 좋지 않습니다. 따라서 목표 혈당에 도달했다면 저혈당을 유발할 수 있는 약제는 감량이나 중단을 고려합니다. 하지만 당뇨병은 계속 악화되는 질환이므로 저혈당을 유발하지 않는 약제는 계속 유지해야 장기적으로 합병증을 최소화할 수 있습니다.최근에는 심부전, 만성신장질환을 장기적으로 예방할 수 있는 당뇨병 약제도 있으므로, 전문 의료진과 상의해 약제 중단 혹은 유지 를 결정하는 것이 좋습니다.",https://health.kdca.go.kr/healthinfo/biz/health/gnrlzHealthInfo/gnrlzHealthInfo/gnrlzHealthInfoView.do,국가건강정보포털
"당뇨병, 당뇨망막병증",형광안 저혈관 조영의 부작용은 무엇인가요?,"형광안 저혈관 조영술은 소디움 플루레 신이라는 조영제를 사용합니다. 주사 후드물게 과민반응이 나타날 수 있는데, 해산물이나 조개류에 의해 알레르기 반응이 있는 사람은 두드러기가 생길 수 있고, 일부 사람에서는 조영제 주사 후 1-2분 이내에 구역질이나 구토, 피부 발진이 나타날 수 있으며 간혹 지나친 공포감 때문에 미주 신경반사에 의한 쇼크가 일어날 수 있습니다. 아주 드물게는 과민성 쇼크가 일어나며 이때는 맥박이 빨라지면서 호흡이 힘들고 피부에 병변이 동반이 됩 니다.이를 대비하고자 혈관 조영검 사실에는 응급약물과 기구를 배치하고 있습니다.",https://health.kdca.go.kr/healthinfo/biz/health/gnrlzHealthInfo/gnrlzHealthInfo/gnrlzHealthInfoView.do,국가건강정보포털
"당뇨병, 당뇨망막병증",범망막광 응고술을 받았는데 추가로 레이저 치료가 필요한가요?,"연구에 따르면 매우 심한 비증식군이나 중등도 증식군에서는 1년 이내에 반수가 까운 환자가 고위험군으로 진행하므로 범망막광 응고술을 고려하며 고위험군에서는 지체 없이 시행할 것을 권장합니다.레이저 치료 후 신생혈관의 퇴행 여부 확인을 위해 치료 후 6-8주 사이에 안저를 관찰하고, 만약 이때에 고위험군의 증상이 지속되는 경우에는 추가 레이저를 시행합니다.신생혈관의 퇴행이 광응고의 면적에 비례하므로 추가 레이저 치료가 신행 혈관 퇴행에 도움이 됩니다.",https://health.kdca.go.kr/healthinfo/biz/health/gnrlzHealthInfo/gnrlzHealthInfo/gnrlzHealthInfoView.do,국가건강정보포털
"당뇨병, 당뇨망막병증",당뇨망막병증 수술할 때 국소마취를 합니까?,"수술은 증식 견인 막을 제거하거나 그 생성을 사전에 차단하여 망막견인이나 박리의 위험으로부터 망막 고유의 기능을 보존, 유지시켜주는 것입니다. 마취는 국소, 전신마취 모두 가능하며 각각 장, 단점이 있으므로 어느 것이 더 좋다고 말할 수가 없습니다.전신마취는 수술시간에 구애가 덜한 조건에서 수술자가 수술을 할 수 있으며 국소마취는 수술 후 환자의 회복과정이 필요 없어 구토 등에 따른 재출혈의 위험이 적고 금식이 필요치 않아 혈당 조절에 더 유리합니다.마취의 선택은  환자의 전신 상태, 당뇨망막병증의 상태 등을 모두 고려해야 하며 담당 의사와 충분히 상의 후 결정해야 합니다.",https://health.kdca.go.kr/healthinfo/biz/health/gnrlzHealthInfo/gnrlzHealthInfo/gnrlzHealthInfoView.do,국가건강정보포털
"당뇨병, 당뇨망막병증","당뇨망막병증에서 레이저 광응고술, 항체주사, 수술방법 외 다른 치료는 없는가요?","현재 당뇨망막병증에 대한 많은 연구가 이루어지고 있어 그 발생기 전에 대한 이해가 많이 이루어졌습니다.이를 바탕으로 당뇨병에 의해 나타나는 대사 이상을 차단하기 위한 많은 약물들이 연구 중에 있습니다.고 혈당에 의해 일어나는 대사 경로를 차단하기 위한 단백카이네이즈 C 억제제, 신생혈관을 생성을 자극하는 안지오텐신 II을 차단하기 위한 안지오텐신 전환효소차단제와 안지오텐신수용체 차단제가 도움이 될 수 있습니다. 그 외 성장호르몬 차단제, 활성화된 산소로 부터 혈관 손상을 방지하기 위한 항산화제, 염증을 줄이는 선택적 COX-2억 제제, 소르비톨 경로를 차단하는 aldos ereductase억제제 등이 있습니다.",https://health.kdca.go.kr/healthinfo/biz/health/gnrlzHealthInfo/gnrlzHealthInfo/gnrlzHealthInfoView.do,국가건강정보포털
"당뇨병, 당뇨망막병증",레이저 치료를 하면 시력이 떨어진다고 하는데 정말인가요?,"레이저 광응고술은 시력 저하의 위험을 줄이기 위해 시행이 됩니다만 그 부작용으로 레이저 치료 후 일부 환자에서 시력저하가 생길 수 있습니다. 대규모 연구 결과 시력표에서 1줄 이상의 시력 저하가 11%, 2줄 이상의 시력 저하가 3%로 보고되었습니다. 그러나 시력저하의 부작용보다는 레이저 치료를 해야 할 시기를 놓치고 나면 잃어버리는 시력의 위험이 더 크므로 담당의 와 상의하여 적절한 시기에 레이저 광응고술이 시행하는 것이 더 큰 이점을 가지고 있습니다.",https://health.kdca.go.kr/healthinfo/biz/health/gnrlzHealthInfo/gnrlzHealthInfo/gnrlzHealthInfoView.do,국가건강정보포털
"당뇨병, 당뇨망막병증",당뇨망막병증이 있는 사람이 운동을 해도 괜찮나요?,연구에 따르면 증식 당뇨망막증 환자에서 발생하는 출혈은 수면 중에 많이 일어나는 것으로 알려져 있고 램수면의 빠른 눈 운동과 연관이 있습니다. 운동으로 인해 출혈이 증가한다는 보고는 없으며 오히려 운동이 혈당을 조절하는 데 효과적인 만큼 운동 중 반복되는 출혈이 생기지 않았다면 적당한 운동은 권장됩니다. 그러나 몸에 무리가 갈 정도의 운동은 출혈을 유발할 수 있다고 생각되므로 삼가는 것이 좋으리라 생각됩니다.,https://health.kdca.go.kr/healthinfo/biz/health/gnrlzHealthInfo/gnrlzHealthInfo/gnrlzHealthInfoView.do,국가건강정보포털
"당뇨병, 당뇨망막병증",시력에 이상이 없는데도 레이저 치료를 하는 이유가 무엇인가요?,증식당뇨망막병증을 앓고 있는 환자 중에서도 중심 망막(황반)에 장애가 없으면 시력이 정상일 수 있으나 이와 같은 상태로 도 주변에 증식성 병변이 있다면 언제라도 출혈이나 견인망막박리로 인해 치명적인 시력 손실이 발생할 수 있으므로 레이저 치료받아 위험을 줄여주어야 합니다.,https://health.kdca.go.kr/healthinfo/biz/health/gnrlzHealthInfo/gnrlzHealthInfo/gnrlzHealthInfoView.do,국가건강정보포털
"당뇨병, 당뇨망막병증",혈당 조절을 잘하면 당뇨망막병증을 늦출 수가 있나요?,"최근의 보고에 의하면 혈당 조절을 잘한다면 당뇨망막병증의 발생을 현저히 늦춘다는 보고가 있습니다. 그래서 모든 당뇨 환자들은 본인들의 혈당을 정상 범위 안에서 잘 관리해 야 당뇨망막병증의 위험으로부터 벗어날 수 있습니다. 그러나, 일부 환자들은 혈당 조절이 잘 이루어짐에도 불구하고 당뇨망막병증이 진행하는 경우가 있습니다.",https://health.kdca.go.kr/healthinfo/biz/health/gnrlzHealthInfo/gnrlzHealthInfo/gnrlzHealthInfoView.do,국가건강정보포털
"당뇨병, 당뇨망막병증","당뇨망막병증이 있는 여자, 임신해도 괜찮나요?","당뇨가 있는 여성은 임신을 하면 망막증이 나빠지거나 생길 수 있습니다. 당뇨가 있는 여성에서 비증식 당뇨망막병증이 임신 중 생길 확률은 10%, 비증식 당뇨망막병증이 증식성으로 나빠질 확률이 4% 정도 됩니다.임신을 계획하면 임신 전과 임신 후 첫 3개월에 철저한 안과 검사를 받아야 하고.간혹 임신으로 인해 레이저 광응고술을 받아야 할 정도로 망막증이 진행되는 경우가 있습니다. 따라서 임신 중에는 안과 전문의를 정기적으로 찾아 망막증의 진행 여부를 꾸준히 확인해 야합니다. 잘 치료받은 증식당뇨망막병증은 진행되지 않는 것으로 되어 있으므로 임신 전에 레이저 치료를 받는 것이 중요합니다.",https://health.kdca.go.kr/healthinfo/biz/health/gnrlzHealthInfo/gnrlzHealthInfo/gnrlzHealthInfoView.do,국가건강정보포털
"당뇨병, 당뇨망막병증",당뇨망막병증으로 유리체내 항혈관 내피 성장인 자주 사치료를 권유받았습니다.이 주사는 평생 맞아야 하나요?,최근 당뇨 황반부종에 대한 여러 유리체내 항혈관 내피 성장인 자주 사 치료를 비교한 연구에서 (ProtocolT) 치료 두 번째 해에 맞는 주사의 회수가 치료 첫 번째 해의 약 절반 정도로 감소하는 것으로 나타났습니다. 당뇨 황반부종뿐만 아니라 유리체내 항혈관 내피 성장인 자주 사치료가 널리 사용되는 습성연령 관련 황반변성에서도 해가 거듭될수록 필요한 주사의 회수가 감소하는 것으로 나타났습니다.,https://health.kdca.go.kr/healthinfo/biz/health/gnrlzHealthInfo/gnrlzHealthInfo/gnrlzHealthInfoView.do,국가건강정보포털
"당뇨병, 당뇨망막병증",당뇨병성 망막병증이 있으면 운동할 때 주의사항이 있나요?,심한 당뇨병성 망막병증이 있는 경우 고강도 운동은 피하는 것이 좋습니다. 당뇨병성 망막병증이 있는 경우 담당의사와 운동의 강도에 대해 의논하는 것이 좋습니다.,https://health.kdca.go.kr/healthinfo/biz/health/gnrlzHealthInfo/gnrlzHealthInfo/gnrlzHealthInfoView.do,국가건강정보포털
"당뇨병, 당뇨망막병증","당뇨병성 망막병증이 있을 때 임신해도 괜찮은지, 주의사항이 알고 싶어요.","당뇨병이 있는 여성은 임신 전 포괄적인 안과 검사를 미리 받도록 합니다. 제1형 또는 제2형 당뇨병이 있는 여성이 임신을 계획하는 경우 임신 전 포괄적인 안과 검사를 미리 받고 임신이 된 경우에는 첫 3개월 내에 안과 검진을 받고 이후 임신동안 매 3개월마다, 그리고 출산 후 1년까지 추적검사를 해야 합니다.",https://health.kdca.go.kr/healthinfo/biz/health/gnrlzHealthInfo/gnrlzHealthInfo/gnrlzHealthInfoView.do,국가건강정보포털
"당뇨병, 당뇨망막병증",당뇨병성 망막병증이 있는데 항혈소판제(아스피린)를 복용해도 괜찮을까요?,아스피린 사용은 필요에 따라 복용 가능합니다. 심혈관 질환 예방을 위한 아스피린 사용은 망막 출혈의 위험을 높이지 않으므로 필요에 따라 복용 가능합니다.,https://health.kdca.go.kr/healthinfo/biz/health/gnrlzHealthInfo/gnrlzHealthInfo/gnrlzHealthInfoView.do,국가건강정보포털
"당뇨병, 당뇨망막병증",증상이 없어도 검사와 치료를 꼭 받아야 하나요?,"당뇨병성 망막병증은 증상이 없어도 정기검진을 받아야 합니다. 당뇨병성 망막병증이 있어도 무증상인 경우가 많이 있습니다. 따라서 증상이 없어도 정기검진을 잘 받고, 이상 소견이 있을 경우 적절한 치료를 받는 것이 중요합니다.",https://health.kdca.go.kr/healthinfo/biz/health/gnrlzHealthInfo/gnrlzHealthInfo/gnrlzHealthInfoView.do,국가건강정보포털
